#! 
:ivl_version "13.0 (devel)" "(s20250103-66-gd67d3323a-dirty)";
:ivl_delay_selection "TYPICAL";
:vpi_time_precision - 12;
:vpi_module "C:\ApioData\packages\OSS-CA~1\lib\ivl\system.vpi";
:vpi_module "C:\ApioData\packages\OSS-CA~1\lib\ivl\vhdl_sys.vpi";
:vpi_module "C:\ApioData\packages\OSS-CA~1\lib\ivl\vhdl_textio.vpi";
:vpi_module "C:\ApioData\packages\OSS-CA~1\lib\ivl\v2005_math.vpi";
:vpi_module "C:\ApioData\packages\OSS-CA~1\lib\ivl\va_math.vpi";
:vpi_module "C:\ApioData\packages\OSS-CA~1\lib\ivl\v2009.vpi";
S_000001f3f4071560 .scope package, "$unit" "$unit" 2 1;
 .timescale 0 0;
S_000001f3f40c9060 .scope module, "ICESTORM_LC" "ICESTORM_LC" 3 2136;
 .timescale -12 -12;
    .port_info 0 /INPUT 1 "I0";
    .port_info 1 /INPUT 1 "I1";
    .port_info 2 /INPUT 1 "I2";
    .port_info 3 /INPUT 1 "I3";
    .port_info 4 /INPUT 1 "CIN";
    .port_info 5 /INPUT 1 "CLK";
    .port_info 6 /INPUT 1 "CEN";
    .port_info 7 /INPUT 1 "SR";
    .port_info 8 /OUTPUT 1 "LO";
    .port_info 9 /OUTPUT 1 "O";
    .port_info 10 /OUTPUT 1 "COUT";
P_000001f3f4243990 .param/l "ASYNC_SR" 0 3 2148, C4<0>;
P_000001f3f42439c8 .param/l "CARRY_ENABLE" 0 3 2145, C4<0>;
P_000001f3f4243a00 .param/l "CIN_CONST" 0 3 2150, C4<0>;
P_000001f3f4243a38 .param/l "CIN_SET" 0 3 2151, C4<0>;
P_000001f3f4243a70 .param/l "DFF_ENABLE" 0 3 2146, C4<0>;
P_000001f3f4243aa8 .param/l "LUT_INIT" 0 3 2142, C4<0000000000000000>;
P_000001f3f4243ae0 .param/l "NEG_CLK" 0 3 2144, C4<0>;
P_000001f3f4243b18 .param/l "SET_NORESET" 0 3 2147, C4<0>;
o000001f3f42520f8 .functor BUFZ 1, c4<z>; HiZ drive
L_000001f3f41f19d0 .functor BUFZ 1, o000001f3f42520f8, C4<0>, C4<0>, C4<0>;
L_000001f3f41f2c30 .functor BUFZ 1, L_000001f3f42cc110, C4<0>, C4<0>, C4<0>;
o000001f3f4252128 .functor BUFZ 1, c4<z>; HiZ drive
L_000001f3f42d7340 .functor BUFT 1, C4<0>, C4<0>, C4<0>, C4<0>;
L_000001f3f41f2530 .functor XOR 1, o000001f3f4252128, L_000001f3f42d7340, C4<0>, C4<0>;
L_000001f3f41f20d0 .functor BUFZ 1, L_000001f3f42cc110, C4<0>, C4<0>, C4<0>;
o000001f3f4252098 .functor BUFZ 1, c4<z>; HiZ drive
v000001f3f423fda0_0 .net "CEN", 0 0, o000001f3f4252098;  0 drivers
v000001f3f4241060_0 .net "CEN_pu", 0 0, L_000001f3f42cc610;  1 drivers
v000001f3f423fee0_0 .net "CIN", 0 0, o000001f3f42520f8;  0 drivers
v000001f3f4241ec0_0 .net "CLK", 0 0, o000001f3f4252128;  0 drivers
L_000001f3f42d7268 .functor BUFT 1, C4<x>, C4<0>, C4<0>, C4<0>;
v000001f3f4241560_0 .net "COUT", 0 0, L_000001f3f42d7268;  1 drivers
o000001f3f4252188 .functor BUFZ 1, c4<z>; HiZ drive
v000001f3f423fe40_0 .net "I0", 0 0, o000001f3f4252188;  0 drivers
v000001f3f4241740_0 .net "I0_pd", 0 0, L_000001f3f42cc390;  1 drivers
o000001f3f42521e8 .functor BUFZ 1, c4<z>; HiZ drive
v000001f3f42407a0_0 .net "I1", 0 0, o000001f3f42521e8;  0 drivers
v000001f3f4240840_0 .net "I1_pd", 0 0, L_000001f3f42cbe90;  1 drivers
o000001f3f4252248 .functor BUFZ 1, c4<z>; HiZ drive
v000001f3f4240200_0 .net "I2", 0 0, o000001f3f4252248;  0 drivers
v000001f3f42405c0_0 .net "I2_pd", 0 0, L_000001f3f42cc070;  1 drivers
o000001f3f42522a8 .functor BUFZ 1, c4<z>; HiZ drive
v000001f3f4241ba0_0 .net "I3", 0 0, o000001f3f42522a8;  0 drivers
v000001f3f4240980_0 .net "I3_pd", 0 0, L_000001f3f42cae50;  1 drivers
v000001f3f4240660_0 .net "LO", 0 0, L_000001f3f41f2c30;  1 drivers
v000001f3f423ff80_0 .net "O", 0 0, L_000001f3f41f20d0;  1 drivers
o000001f3f4252368 .functor BUFZ 1, c4<z>; HiZ drive
v000001f3f4240480_0 .net "SR", 0 0, o000001f3f4252368;  0 drivers
v000001f3f4240c00_0 .net "SR_pd", 0 0, L_000001f3f42cc430;  1 drivers
o000001f3f42523c8 .functor BUFZ 1, c4<z>; HiZ drive
; Elide local net with no drivers, v000001f3f42419c0_0 name=_ivl_0
v000001f3f4241d80_0 .net *"_ivl_10", 0 0, L_000001f3f42cc930;  1 drivers
L_000001f3f42d7100 .functor BUFT 1, C4<0>, C4<0>, C4<0>, C4<0>;
v000001f3f4240160_0 .net/2u *"_ivl_12", 0 0, L_000001f3f42d7100;  1 drivers
o000001f3f4252458 .functor BUFZ 1, c4<z>; HiZ drive
; Elide local net with no drivers, v000001f3f4240340_0 name=_ivl_16
v000001f3f423fb20_0 .net *"_ivl_18", 0 0, L_000001f3f42cb490;  1 drivers
v000001f3f42412e0_0 .net *"_ivl_2", 0 0, L_000001f3f42caef0;  1 drivers
L_000001f3f42d7148 .functor BUFT 1, C4<0>, C4<0>, C4<0>, C4<0>;
v000001f3f4240a20_0 .net/2u *"_ivl_20", 0 0, L_000001f3f42d7148;  1 drivers
o000001f3f4252518 .functor BUFZ 1, c4<z>; HiZ drive
; Elide local net with no drivers, v000001f3f4240ac0_0 name=_ivl_24
v000001f3f4241c40_0 .net *"_ivl_26", 0 0, L_000001f3f42caf90;  1 drivers
L_000001f3f42d7190 .functor BUFT 1, C4<0>, C4<0>, C4<0>, C4<0>;
v000001f3f42420a0_0 .net/2u *"_ivl_28", 0 0, L_000001f3f42d7190;  1 drivers
o000001f3f42525a8 .functor BUFZ 1, c4<z>; HiZ drive
; Elide local net with no drivers, v000001f3f4241f60_0 name=_ivl_32
v000001f3f4240ca0_0 .net *"_ivl_34", 0 0, L_000001f3f42ccd90;  1 drivers
L_000001f3f42d71d8 .functor BUFT 1, C4<0>, C4<0>, C4<0>, C4<0>;
v000001f3f42403e0_0 .net/2u *"_ivl_36", 0 0, L_000001f3f42d71d8;  1 drivers
L_000001f3f42d70b8 .functor BUFT 1, C4<0>, C4<0>, C4<0>, C4<0>;
v000001f3f4241100_0 .net/2u *"_ivl_4", 0 0, L_000001f3f42d70b8;  1 drivers
o000001f3f4252668 .functor BUFZ 1, c4<z>; HiZ drive
; Elide local net with no drivers, v000001f3f4242140_0 name=_ivl_40
v000001f3f4240fc0_0 .net *"_ivl_42", 0 0, L_000001f3f42cb350;  1 drivers
L_000001f3f42d7220 .functor BUFT 1, C4<1>, C4<0>, C4<0>, C4<0>;
v000001f3f4241240_0 .net/2u *"_ivl_44", 0 0, L_000001f3f42d7220;  1 drivers
L_000001f3f42d72b0 .functor BUFT 1, C4<00000000>, C4<0>, C4<0>, C4<0>;
v000001f3f42411a0_0 .net/2u *"_ivl_52", 7 0, L_000001f3f42d72b0;  1 drivers
L_000001f3f42d72f8 .functor BUFT 1, C4<00000000>, C4<0>, C4<0>, C4<0>;
v000001f3f4241380_0 .net/2u *"_ivl_54", 7 0, L_000001f3f42d72f8;  1 drivers
v000001f3f4240e80_0 .net *"_ivl_59", 3 0, L_000001f3f42ca9f0;  1 drivers
v000001f3f4240b60_0 .net *"_ivl_61", 3 0, L_000001f3f42cce30;  1 drivers
v000001f3f42402a0_0 .net *"_ivl_65", 1 0, L_000001f3f42cb030;  1 drivers
v000001f3f42416a0_0 .net *"_ivl_67", 1 0, L_000001f3f42cbcb0;  1 drivers
v000001f3f4240f20_0 .net *"_ivl_71", 0 0, L_000001f3f42cc9d0;  1 drivers
v000001f3f4241ce0_0 .net *"_ivl_73", 0 0, L_000001f3f42cc6b0;  1 drivers
v000001f3f4241e20_0 .net/2u *"_ivl_78", 0 0, L_000001f3f42d7340;  1 drivers
o000001f3f42528a8 .functor BUFZ 1, c4<z>; HiZ drive
; Elide local net with no drivers, v000001f3f4241420_0 name=_ivl_8
v000001f3f4240520_0 .net "lut_o", 0 0, L_000001f3f42cc110;  1 drivers
v000001f3f4241920_0 .net "lut_s1", 1 0, L_000001f3f42cc4d0;  1 drivers
v000001f3f4241600_0 .net "lut_s2", 3 0, L_000001f3f42cbb70;  1 drivers
v000001f3f4240700_0 .net "lut_s3", 7 0, L_000001f3f42ca6d0;  1 drivers
v000001f3f42414c0_0 .net "mux_cin", 0 0, L_000001f3f41f19d0;  1 drivers
v000001f3f423fc60_0 .var "o_reg", 0 0;
v000001f3f42408e0_0 .var "o_reg_async", 0 0;
v000001f3f4241880_0 .net "polarized_clk", 0 0, L_000001f3f41f2530;  1 drivers
E_000001f3f421af30 .event posedge, v000001f3f4240c00_0, v000001f3f4241880_0;
E_000001f3f421ab30 .event posedge, v000001f3f4241880_0;
L_000001f3f42caef0 .cmp/eeq 1, o000001f3f4252188, o000001f3f42523c8;
L_000001f3f42cc390 .functor MUXZ 1, o000001f3f4252188, L_000001f3f42d70b8, L_000001f3f42caef0, C4<>;
L_000001f3f42cc930 .cmp/eeq 1, o000001f3f42521e8, o000001f3f42528a8;
L_000001f3f42cbe90 .functor MUXZ 1, o000001f3f42521e8, L_000001f3f42d7100, L_000001f3f42cc930, C4<>;
L_000001f3f42cb490 .cmp/eeq 1, o000001f3f4252248, o000001f3f4252458;
L_000001f3f42cc070 .functor MUXZ 1, o000001f3f4252248, L_000001f3f42d7148, L_000001f3f42cb490, C4<>;
L_000001f3f42caf90 .cmp/eeq 1, o000001f3f42522a8, o000001f3f4252518;
L_000001f3f42cae50 .functor MUXZ 1, o000001f3f42522a8, L_000001f3f42d7190, L_000001f3f42caf90, C4<>;
L_000001f3f42ccd90 .cmp/eeq 1, o000001f3f4252368, o000001f3f42525a8;
L_000001f3f42cc430 .functor MUXZ 1, o000001f3f4252368, L_000001f3f42d71d8, L_000001f3f42ccd90, C4<>;
L_000001f3f42cb350 .cmp/eeq 1, o000001f3f4252098, o000001f3f4252668;
L_000001f3f42cc610 .functor MUXZ 1, o000001f3f4252098, L_000001f3f42d7220, L_000001f3f42cb350, C4<>;
L_000001f3f42ca6d0 .functor MUXZ 8, L_000001f3f42d72f8, L_000001f3f42d72b0, L_000001f3f42cae50, C4<>;
L_000001f3f42ca9f0 .part L_000001f3f42ca6d0, 4, 4;
L_000001f3f42cce30 .part L_000001f3f42ca6d0, 0, 4;
L_000001f3f42cbb70 .functor MUXZ 4, L_000001f3f42cce30, L_000001f3f42ca9f0, L_000001f3f42cc070, C4<>;
L_000001f3f42cb030 .part L_000001f3f42cbb70, 2, 2;
L_000001f3f42cbcb0 .part L_000001f3f42cbb70, 0, 2;
L_000001f3f42cc4d0 .functor MUXZ 2, L_000001f3f42cbcb0, L_000001f3f42cb030, L_000001f3f42cbe90, C4<>;
L_000001f3f42cc9d0 .part L_000001f3f42cc4d0, 1, 1;
L_000001f3f42cc6b0 .part L_000001f3f42cc4d0, 0, 1;
L_000001f3f42cc110 .functor MUXZ 1, L_000001f3f42cc6b0, L_000001f3f42cc9d0, L_000001f3f42cc390, C4<>;
S_000001f3f40ea120 .scope module, "ICESTORM_RAM" "ICESTORM_RAM" 3 3167;
 .timescale -12 -12;
    .port_info 0 /OUTPUT 1 "RDATA_15";
    .port_info 1 /OUTPUT 1 "RDATA_14";
    .port_info 2 /OUTPUT 1 "RDATA_13";
    .port_info 3 /OUTPUT 1 "RDATA_12";
    .port_info 4 /OUTPUT 1 "RDATA_11";
    .port_info 5 /OUTPUT 1 "RDATA_10";
    .port_info 6 /OUTPUT 1 "RDATA_9";
    .port_info 7 /OUTPUT 1 "RDATA_8";
    .port_info 8 /OUTPUT 1 "RDATA_7";
    .port_info 9 /OUTPUT 1 "RDATA_6";
    .port_info 10 /OUTPUT 1 "RDATA_5";
    .port_info 11 /OUTPUT 1 "RDATA_4";
    .port_info 12 /OUTPUT 1 "RDATA_3";
    .port_info 13 /OUTPUT 1 "RDATA_2";
    .port_info 14 /OUTPUT 1 "RDATA_1";
    .port_info 15 /OUTPUT 1 "RDATA_0";
    .port_info 16 /INPUT 1 "RCLK";
    .port_info 17 /INPUT 1 "RCLKE";
    .port_info 18 /INPUT 1 "RE";
    .port_info 19 /INPUT 1 "RADDR_10";
    .port_info 20 /INPUT 1 "RADDR_9";
    .port_info 21 /INPUT 1 "RADDR_8";
    .port_info 22 /INPUT 1 "RADDR_7";
    .port_info 23 /INPUT 1 "RADDR_6";
    .port_info 24 /INPUT 1 "RADDR_5";
    .port_info 25 /INPUT 1 "RADDR_4";
    .port_info 26 /INPUT 1 "RADDR_3";
    .port_info 27 /INPUT 1 "RADDR_2";
    .port_info 28 /INPUT 1 "RADDR_1";
    .port_info 29 /INPUT 1 "RADDR_0";
    .port_info 30 /INPUT 1 "WCLK";
    .port_info 31 /INPUT 1 "WCLKE";
    .port_info 32 /INPUT 1 "WE";
    .port_info 33 /INPUT 1 "WADDR_10";
    .port_info 34 /INPUT 1 "WADDR_9";
    .port_info 35 /INPUT 1 "WADDR_8";
    .port_info 36 /INPUT 1 "WADDR_7";
    .port_info 37 /INPUT 1 "WADDR_6";
    .port_info 38 /INPUT 1 "WADDR_5";
    .port_info 39 /INPUT 1 "WADDR_4";
    .port_info 40 /INPUT 1 "WADDR_3";
    .port_info 41 /INPUT 1 "WADDR_2";
    .port_info 42 /INPUT 1 "WADDR_1";
    .port_info 43 /INPUT 1 "WADDR_0";
    .port_info 44 /INPUT 1 "MASK_15";
    .port_info 45 /INPUT 1 "MASK_14";
    .port_info 46 /INPUT 1 "MASK_13";
    .port_info 47 /INPUT 1 "MASK_12";
    .port_info 48 /INPUT 1 "MASK_11";
    .port_info 49 /INPUT 1 "MASK_10";
    .port_info 50 /INPUT 1 "MASK_9";
    .port_info 51 /INPUT 1 "MASK_8";
    .port_info 52 /INPUT 1 "MASK_7";
    .port_info 53 /INPUT 1 "MASK_6";
    .port_info 54 /INPUT 1 "MASK_5";
    .port_info 55 /INPUT 1 "MASK_4";
    .port_info 56 /INPUT 1 "MASK_3";
    .port_info 57 /INPUT 1 "MASK_2";
    .port_info 58 /INPUT 1 "MASK_1";
    .port_info 59 /INPUT 1 "MASK_0";
    .port_info 60 /INPUT 1 "WDATA_15";
    .port_info 61 /INPUT 1 "WDATA_14";
    .port_info 62 /INPUT 1 "WDATA_13";
    .port_info 63 /INPUT 1 "WDATA_12";
    .port_info 64 /INPUT 1 "WDATA_11";
    .port_info 65 /INPUT 1 "WDATA_10";
    .port_info 66 /INPUT 1 "WDATA_9";
    .port_info 67 /INPUT 1 "WDATA_8";
    .port_info 68 /INPUT 1 "WDATA_7";
    .port_info 69 /INPUT 1 "WDATA_6";
    .port_info 70 /INPUT 1 "WDATA_5";
    .port_info 71 /INPUT 1 "WDATA_4";
    .port_info 72 /INPUT 1 "WDATA_3";
    .port_info 73 /INPUT 1 "WDATA_2";
    .port_info 74 /INPUT 1 "WDATA_1";
    .port_info 75 /INPUT 1 "WDATA_0";
P_000001f3f3faaff0 .param/l "INIT_0" 0 3 3182, C4<0000000000000000000000000000000000000000000000000000000000000000000000000000000000000000000000000000000000000000000000000000000000000000000000000000000000000000000000000000000000000000000000000000000000000000000000000000000000000000000000000000000000000000>;
P_000001f3f3fab028 .param/l "INIT_1" 0 3 3183, C4<0000000000000000000000000000000000000000000000000000000000000000000000000000000000000000000000000000000000000000000000000000000000000000000000000000000000000000000000000000000000000000000000000000000000000000000000000000000000000000000000000000000000000000>;
P_000001f3f3fab060 .param/l "INIT_2" 0 3 3184, C4<0000000000000000000000000000000000000000000000000000000000000000000000000000000000000000000000000000000000000000000000000000000000000000000000000000000000000000000000000000000000000000000000000000000000000000000000000000000000000000000000000000000000000000>;
P_000001f3f3fab098 .param/l "INIT_3" 0 3 3185, C4<0000000000000000000000000000000000000000000000000000000000000000000000000000000000000000000000000000000000000000000000000000000000000000000000000000000000000000000000000000000000000000000000000000000000000000000000000000000000000000000000000000000000000000>;
P_000001f3f3fab0d0 .param/l "INIT_4" 0 3 3186, C4<0000000000000000000000000000000000000000000000000000000000000000000000000000000000000000000000000000000000000000000000000000000000000000000000000000000000000000000000000000000000000000000000000000000000000000000000000000000000000000000000000000000000000000>;
P_000001f3f3fab108 .param/l "INIT_5" 0 3 3187, C4<0000000000000000000000000000000000000000000000000000000000000000000000000000000000000000000000000000000000000000000000000000000000000000000000000000000000000000000000000000000000000000000000000000000000000000000000000000000000000000000000000000000000000000>;
P_000001f3f3fab140 .param/l "INIT_6" 0 3 3188, C4<0000000000000000000000000000000000000000000000000000000000000000000000000000000000000000000000000000000000000000000000000000000000000000000000000000000000000000000000000000000000000000000000000000000000000000000000000000000000000000000000000000000000000000>;
P_000001f3f3fab178 .param/l "INIT_7" 0 3 3189, C4<0000000000000000000000000000000000000000000000000000000000000000000000000000000000000000000000000000000000000000000000000000000000000000000000000000000000000000000000000000000000000000000000000000000000000000000000000000000000000000000000000000000000000000>;
P_000001f3f3fab1b0 .param/l "INIT_8" 0 3 3190, C4<0000000000000000000000000000000000000000000000000000000000000000000000000000000000000000000000000000000000000000000000000000000000000000000000000000000000000000000000000000000000000000000000000000000000000000000000000000000000000000000000000000000000000000>;
P_000001f3f3fab1e8 .param/l "INIT_9" 0 3 3191, C4<0000000000000000000000000000000000000000000000000000000000000000000000000000000000000000000000000000000000000000000000000000000000000000000000000000000000000000000000000000000000000000000000000000000000000000000000000000000000000000000000000000000000000000>;
P_000001f3f3fab220 .param/l "INIT_A" 0 3 3192, C4<0000000000000000000000000000000000000000000000000000000000000000000000000000000000000000000000000000000000000000000000000000000000000000000000000000000000000000000000000000000000000000000000000000000000000000000000000000000000000000000000000000000000000000>;
P_000001f3f3fab258 .param/l "INIT_B" 0 3 3193, C4<0000000000000000000000000000000000000000000000000000000000000000000000000000000000000000000000000000000000000000000000000000000000000000000000000000000000000000000000000000000000000000000000000000000000000000000000000000000000000000000000000000000000000000>;
P_000001f3f3fab290 .param/l "INIT_C" 0 3 3194, C4<0000000000000000000000000000000000000000000000000000000000000000000000000000000000000000000000000000000000000000000000000000000000000000000000000000000000000000000000000000000000000000000000000000000000000000000000000000000000000000000000000000000000000000>;
P_000001f3f3fab2c8 .param/l "INIT_D" 0 3 3195, C4<0000000000000000000000000000000000000000000000000000000000000000000000000000000000000000000000000000000000000000000000000000000000000000000000000000000000000000000000000000000000000000000000000000000000000000000000000000000000000000000000000000000000000000>;
P_000001f3f3fab300 .param/l "INIT_E" 0 3 3196, C4<0000000000000000000000000000000000000000000000000000000000000000000000000000000000000000000000000000000000000000000000000000000000000000000000000000000000000000000000000000000000000000000000000000000000000000000000000000000000000000000000000000000000000000>;
P_000001f3f3fab338 .param/l "INIT_F" 0 3 3197, C4<0000000000000000000000000000000000000000000000000000000000000000000000000000000000000000000000000000000000000000000000000000000000000000000000000000000000000000000000000000000000000000000000000000000000000000000000000000000000000000000000000000000000000000>;
P_000001f3f3fab370 .param/l "NEG_CLK_R" 0 3 3179, C4<0>;
P_000001f3f3fab3a8 .param/l "NEG_CLK_W" 0 3 3180, C4<0>;
P_000001f3f3fab3e0 .param/l "READ_MODE" 0 3 3177, +C4<00000000000000000000000000000000>;
P_000001f3f3fab418 .param/l "WRITE_MODE" 0 3 3176, +C4<00000000000000000000000000000000>;
L_000001f3f42d73d0 .functor BUFT 1, C4<0>, C4<0>, C4<0>, C4<0>;
L_000001f3f41f25a0 .functor XOR 1, L_000001f3f42ca8b0, L_000001f3f42d73d0, C4<0>, C4<0>;
L_000001f3f42d7418 .functor BUFT 1, C4<0>, C4<0>, C4<0>, C4<0>;
L_000001f3f41f2680 .functor XOR 1, L_000001f3f42cbdf0, L_000001f3f42d7418, C4<0>, C4<0>;
o000001f3f4253238 .functor BUFZ 1, c4<z>; HiZ drive
v000001f3f4243720_0 .net "MASK_0", 0 0, o000001f3f4253238;  0 drivers
o000001f3f4253268 .functor BUFZ 1, c4<z>; HiZ drive
v000001f3f4243180_0 .net "MASK_1", 0 0, o000001f3f4253268;  0 drivers
o000001f3f4253298 .functor BUFZ 1, c4<z>; HiZ drive
v000001f3f42423c0_0 .net "MASK_10", 0 0, o000001f3f4253298;  0 drivers
o000001f3f42532c8 .functor BUFZ 1, c4<z>; HiZ drive
v000001f3f42437c0_0 .net "MASK_11", 0 0, o000001f3f42532c8;  0 drivers
o000001f3f42532f8 .functor BUFZ 1, c4<z>; HiZ drive
v000001f3f42432c0_0 .net "MASK_12", 0 0, o000001f3f42532f8;  0 drivers
o000001f3f4253328 .functor BUFZ 1, c4<z>; HiZ drive
v000001f3f42428c0_0 .net "MASK_13", 0 0, o000001f3f4253328;  0 drivers
o000001f3f4253358 .functor BUFZ 1, c4<z>; HiZ drive
v000001f3f4242d20_0 .net "MASK_14", 0 0, o000001f3f4253358;  0 drivers
o000001f3f4253388 .functor BUFZ 1, c4<z>; HiZ drive
v000001f3f4243360_0 .net "MASK_15", 0 0, o000001f3f4253388;  0 drivers
o000001f3f42533b8 .functor BUFZ 1, c4<z>; HiZ drive
v000001f3f4242960_0 .net "MASK_2", 0 0, o000001f3f42533b8;  0 drivers
o000001f3f42533e8 .functor BUFZ 1, c4<z>; HiZ drive
v000001f3f4243860_0 .net "MASK_3", 0 0, o000001f3f42533e8;  0 drivers
o000001f3f4253418 .functor BUFZ 1, c4<z>; HiZ drive
v000001f3f4242820_0 .net "MASK_4", 0 0, o000001f3f4253418;  0 drivers
o000001f3f4253448 .functor BUFZ 1, c4<z>; HiZ drive
v000001f3f4242b40_0 .net "MASK_5", 0 0, o000001f3f4253448;  0 drivers
o000001f3f4253478 .functor BUFZ 1, c4<z>; HiZ drive
v000001f3f4242c80_0 .net "MASK_6", 0 0, o000001f3f4253478;  0 drivers
o000001f3f42534a8 .functor BUFZ 1, c4<z>; HiZ drive
v000001f3f42421e0_0 .net "MASK_7", 0 0, o000001f3f42534a8;  0 drivers
o000001f3f42534d8 .functor BUFZ 1, c4<z>; HiZ drive
v000001f3f4242460_0 .net "MASK_8", 0 0, o000001f3f42534d8;  0 drivers
o000001f3f4253508 .functor BUFZ 1, c4<z>; HiZ drive
v000001f3f4242500_0 .net "MASK_9", 0 0, o000001f3f4253508;  0 drivers
o000001f3f4253538 .functor BUFZ 1, c4<z>; HiZ drive
v000001f3f42425a0_0 .net "RADDR_0", 0 0, o000001f3f4253538;  0 drivers
o000001f3f4253568 .functor BUFZ 1, c4<z>; HiZ drive
v000001f3f4242a00_0 .net "RADDR_1", 0 0, o000001f3f4253568;  0 drivers
o000001f3f4253598 .functor BUFZ 1, c4<z>; HiZ drive
v000001f3f42426e0_0 .net "RADDR_10", 0 0, o000001f3f4253598;  0 drivers
o000001f3f42535c8 .functor BUFZ 1, c4<z>; HiZ drive
v000001f3f4242f00_0 .net "RADDR_2", 0 0, o000001f3f42535c8;  0 drivers
o000001f3f42535f8 .functor BUFZ 1, c4<z>; HiZ drive
v000001f3f41dfd90_0 .net "RADDR_3", 0 0, o000001f3f42535f8;  0 drivers
o000001f3f4253628 .functor BUFZ 1, c4<z>; HiZ drive
v000001f3f41e1050_0 .net "RADDR_4", 0 0, o000001f3f4253628;  0 drivers
o000001f3f4253658 .functor BUFZ 1, c4<z>; HiZ drive
v000001f3f41e0470_0 .net "RADDR_5", 0 0, o000001f3f4253658;  0 drivers
o000001f3f4253688 .functor BUFZ 1, c4<z>; HiZ drive
v000001f3f41e0650_0 .net "RADDR_6", 0 0, o000001f3f4253688;  0 drivers
o000001f3f42536b8 .functor BUFZ 1, c4<z>; HiZ drive
v000001f3f41e06f0_0 .net "RADDR_7", 0 0, o000001f3f42536b8;  0 drivers
o000001f3f42536e8 .functor BUFZ 1, c4<z>; HiZ drive
v000001f3f41e0830_0 .net "RADDR_8", 0 0, o000001f3f42536e8;  0 drivers
o000001f3f4253718 .functor BUFZ 1, c4<z>; HiZ drive
v000001f3f41e0970_0 .net "RADDR_9", 0 0, o000001f3f4253718;  0 drivers
o000001f3f4253748 .functor BUFZ 1, c4<z>; HiZ drive
v000001f3f41e0a10_0 .net "RCLK", 0 0, o000001f3f4253748;  0 drivers
o000001f3f4253778 .functor BUFZ 1, c4<z>; HiZ drive
v000001f3f41b3d10_0 .net "RCLKE", 0 0, o000001f3f4253778;  0 drivers
v000001f3f41b43f0_0 .net "RDATA_0", 0 0, L_000001f3f42ccbb0;  1 drivers
v000001f3f41b3db0_0 .net "RDATA_1", 0 0, L_000001f3f42cbad0;  1 drivers
v000001f3f41b4a30_0 .net "RDATA_10", 0 0, L_000001f3f42cb8f0;  1 drivers
v000001f3f41b4cb0_0 .net "RDATA_11", 0 0, L_000001f3f42cb170;  1 drivers
v000001f3f423f730_0 .net "RDATA_12", 0 0, L_000001f3f42cb710;  1 drivers
v000001f3f423f190_0 .net "RDATA_13", 0 0, L_000001f3f42cb0d0;  1 drivers
v000001f3f423e290_0 .net "RDATA_14", 0 0, L_000001f3f42cc750;  1 drivers
v000001f3f423dc50_0 .net "RDATA_15", 0 0, L_000001f3f42cc570;  1 drivers
v000001f3f4187e60_0 .net "RDATA_2", 0 0, L_000001f3f42ccb10;  1 drivers
v000001f3f4187280_0 .net "RDATA_3", 0 0, L_000001f3f42cb210;  1 drivers
v000001f3f423aef0_0 .net "RDATA_4", 0 0, L_000001f3f42ca770;  1 drivers
v000001f3f41d3780_0 .net "RDATA_5", 0 0, L_000001f3f42cb990;  1 drivers
v000001f3f429ea70_0 .net "RDATA_6", 0 0, L_000001f3f42cca70;  1 drivers
v000001f3f429ed90_0 .net "RDATA_7", 0 0, L_000001f3f42cc890;  1 drivers
v000001f3f42a00f0_0 .net "RDATA_8", 0 0, L_000001f3f42ccc50;  1 drivers
v000001f3f429e6b0_0 .net "RDATA_9", 0 0, L_000001f3f42cb3f0;  1 drivers
o000001f3f4253aa8 .functor BUFZ 1, c4<z>; HiZ drive
v000001f3f42a0c30_0 .net "RE", 0 0, o000001f3f4253aa8;  0 drivers
o000001f3f4253ad8 .functor BUFZ 1, c4<z>; HiZ drive
v000001f3f42a0cd0_0 .net "WADDR_0", 0 0, o000001f3f4253ad8;  0 drivers
o000001f3f4253b08 .functor BUFZ 1, c4<z>; HiZ drive
v000001f3f429e570_0 .net "WADDR_1", 0 0, o000001f3f4253b08;  0 drivers
o000001f3f4253b38 .functor BUFZ 1, c4<z>; HiZ drive
v000001f3f429ec50_0 .net "WADDR_10", 0 0, o000001f3f4253b38;  0 drivers
o000001f3f4253b68 .functor BUFZ 1, c4<z>; HiZ drive
v000001f3f429f5b0_0 .net "WADDR_2", 0 0, o000001f3f4253b68;  0 drivers
o000001f3f4253b98 .functor BUFZ 1, c4<z>; HiZ drive
v000001f3f429e750_0 .net "WADDR_3", 0 0, o000001f3f4253b98;  0 drivers
o000001f3f4253bc8 .functor BUFZ 1, c4<z>; HiZ drive
v000001f3f429f830_0 .net "WADDR_4", 0 0, o000001f3f4253bc8;  0 drivers
o000001f3f4253bf8 .functor BUFZ 1, c4<z>; HiZ drive
v000001f3f429e7f0_0 .net "WADDR_5", 0 0, o000001f3f4253bf8;  0 drivers
o000001f3f4253c28 .functor BUFZ 1, c4<z>; HiZ drive
v000001f3f42a0190_0 .net "WADDR_6", 0 0, o000001f3f4253c28;  0 drivers
o000001f3f4253c58 .functor BUFZ 1, c4<z>; HiZ drive
v000001f3f429fd30_0 .net "WADDR_7", 0 0, o000001f3f4253c58;  0 drivers
o000001f3f4253c88 .functor BUFZ 1, c4<z>; HiZ drive
v000001f3f429f0b0_0 .net "WADDR_8", 0 0, o000001f3f4253c88;  0 drivers
o000001f3f4253cb8 .functor BUFZ 1, c4<z>; HiZ drive
v000001f3f429f510_0 .net "WADDR_9", 0 0, o000001f3f4253cb8;  0 drivers
o000001f3f4253ce8 .functor BUFZ 1, c4<z>; HiZ drive
v000001f3f429f650_0 .net "WCLK", 0 0, o000001f3f4253ce8;  0 drivers
o000001f3f4253d18 .functor BUFZ 1, c4<z>; HiZ drive
v000001f3f429f8d0_0 .net "WCLKE", 0 0, o000001f3f4253d18;  0 drivers
o000001f3f4253d48 .functor BUFZ 1, c4<z>; HiZ drive
v000001f3f42a0550_0 .net "WDATA_0", 0 0, o000001f3f4253d48;  0 drivers
o000001f3f4253d78 .functor BUFZ 1, c4<z>; HiZ drive
v000001f3f42a0730_0 .net "WDATA_1", 0 0, o000001f3f4253d78;  0 drivers
o000001f3f4253da8 .functor BUFZ 1, c4<z>; HiZ drive
v000001f3f42a0230_0 .net "WDATA_10", 0 0, o000001f3f4253da8;  0 drivers
o000001f3f4253dd8 .functor BUFZ 1, c4<z>; HiZ drive
v000001f3f42a0690_0 .net "WDATA_11", 0 0, o000001f3f4253dd8;  0 drivers
o000001f3f4253e08 .functor BUFZ 1, c4<z>; HiZ drive
v000001f3f429f290_0 .net "WDATA_12", 0 0, o000001f3f4253e08;  0 drivers
o000001f3f4253e38 .functor BUFZ 1, c4<z>; HiZ drive
v000001f3f429e9d0_0 .net "WDATA_13", 0 0, o000001f3f4253e38;  0 drivers
o000001f3f4253e68 .functor BUFZ 1, c4<z>; HiZ drive
v000001f3f429fdd0_0 .net "WDATA_14", 0 0, o000001f3f4253e68;  0 drivers
o000001f3f4253e98 .functor BUFZ 1, c4<z>; HiZ drive
v000001f3f429fe70_0 .net "WDATA_15", 0 0, o000001f3f4253e98;  0 drivers
o000001f3f4253ec8 .functor BUFZ 1, c4<z>; HiZ drive
v000001f3f429fc90_0 .net "WDATA_2", 0 0, o000001f3f4253ec8;  0 drivers
o000001f3f4253ef8 .functor BUFZ 1, c4<z>; HiZ drive
v000001f3f429e610_0 .net "WDATA_3", 0 0, o000001f3f4253ef8;  0 drivers
o000001f3f4253f28 .functor BUFZ 1, c4<z>; HiZ drive
v000001f3f42a09b0_0 .net "WDATA_4", 0 0, o000001f3f4253f28;  0 drivers
o000001f3f4253f58 .functor BUFZ 1, c4<z>; HiZ drive
v000001f3f429e930_0 .net "WDATA_5", 0 0, o000001f3f4253f58;  0 drivers
o000001f3f4253f88 .functor BUFZ 1, c4<z>; HiZ drive
v000001f3f429fbf0_0 .net "WDATA_6", 0 0, o000001f3f4253f88;  0 drivers
o000001f3f4253fb8 .functor BUFZ 1, c4<z>; HiZ drive
v000001f3f429f1f0_0 .net "WDATA_7", 0 0, o000001f3f4253fb8;  0 drivers
o000001f3f4253fe8 .functor BUFZ 1, c4<z>; HiZ drive
v000001f3f42a02d0_0 .net "WDATA_8", 0 0, o000001f3f4253fe8;  0 drivers
o000001f3f4254018 .functor BUFZ 1, c4<z>; HiZ drive
v000001f3f42a0a50_0 .net "WDATA_9", 0 0, o000001f3f4254018;  0 drivers
o000001f3f4254048 .functor BUFZ 1, c4<z>; HiZ drive
v000001f3f42a0370_0 .net "WE", 0 0, o000001f3f4254048;  0 drivers
v000001f3f42a0410_0 .net *"_ivl_100", 0 0, L_000001f3f4331750;  1 drivers
v000001f3f42a04b0_0 .net *"_ivl_102", 0 0, L_000001f3f43308f0;  1 drivers
v000001f3f429ff10_0 .net *"_ivl_104", 0 0, L_000001f3f432fe50;  1 drivers
v000001f3f429f150_0 .net *"_ivl_106", 0 0, L_000001f3f432f6d0;  1 drivers
v000001f3f42a0af0_0 .net *"_ivl_108", 0 0, L_000001f3f432fdb0;  1 drivers
v000001f3f42a05f0_0 .net *"_ivl_110", 0 0, L_000001f3f43316b0;  1 drivers
v000001f3f42a07d0_0 .net *"_ivl_112", 0 0, L_000001f3f4330f30;  1 drivers
v000001f3f429f970_0 .net *"_ivl_114", 0 0, L_000001f3f432f450;  1 drivers
v000001f3f429e890_0 .net *"_ivl_116", 0 0, L_000001f3f432fef0;  1 drivers
v000001f3f429ee30_0 .net *"_ivl_120", 0 0, L_000001f3f4330fd0;  1 drivers
v000001f3f42a0870_0 .net *"_ivl_122", 0 0, L_000001f3f432fb30;  1 drivers
v000001f3f429fa10_0 .net *"_ivl_124", 0 0, L_000001f3f4331430;  1 drivers
v000001f3f429ffb0_0 .net *"_ivl_126", 0 0, L_000001f3f4330030;  1 drivers
v000001f3f42a0910_0 .net *"_ivl_128", 0 0, L_000001f3f4330b70;  1 drivers
v000001f3f429ecf0_0 .net *"_ivl_130", 0 0, L_000001f3f432f270;  1 drivers
v000001f3f429eb10_0 .net *"_ivl_132", 0 0, L_000001f3f4331070;  1 drivers
v000001f3f429ebb0_0 .net *"_ivl_134", 0 0, L_000001f3f4331250;  1 drivers
v000001f3f429f6f0_0 .net *"_ivl_136", 0 0, L_000001f3f43307b0;  1 drivers
v000001f3f42a0050_0 .net *"_ivl_138", 0 0, L_000001f3f4330c10;  1 drivers
v000001f3f429eed0_0 .net *"_ivl_140", 0 0, L_000001f3f4330cb0;  1 drivers
v000001f3f42a0b90_0 .net *"_ivl_142", 0 0, L_000001f3f43312f0;  1 drivers
v000001f3f429f330_0 .net *"_ivl_144", 0 0, L_000001f3f4331570;  1 drivers
v000001f3f429ef70_0 .net *"_ivl_146", 0 0, L_000001f3f43317f0;  1 drivers
v000001f3f429fab0_0 .net *"_ivl_148", 0 0, L_000001f3f4331890;  1 drivers
v000001f3f429f3d0_0 .net *"_ivl_150", 0 0, L_000001f3f432f310;  1 drivers
v000001f3f429f010_0 .net *"_ivl_18", 0 0, L_000001f3f42ca8b0;  1 drivers
v000001f3f429fb50_0 .net/2u *"_ivl_19", 0 0, L_000001f3f42d73d0;  1 drivers
v000001f3f429f470_0 .net *"_ivl_28", 0 0, L_000001f3f42ca950;  1 drivers
v000001f3f429f790_0 .net *"_ivl_30", 0 0, L_000001f3f42ca810;  1 drivers
v000001f3f42a1450_0 .net *"_ivl_32", 0 0, L_000001f3f42caa90;  1 drivers
v000001f3f42a23f0_0 .net *"_ivl_34", 0 0, L_000001f3f42cab30;  1 drivers
v000001f3f42a16d0_0 .net *"_ivl_36", 0 0, L_000001f3f42cb530;  1 drivers
v000001f3f42a1a90_0 .net *"_ivl_38", 0 0, L_000001f3f42cabd0;  1 drivers
v000001f3f42a0ff0_0 .net *"_ivl_40", 0 0, L_000001f3f42cb2b0;  1 drivers
v000001f3f42a22b0_0 .net *"_ivl_42", 0 0, L_000001f3f42cac70;  1 drivers
v000001f3f42a1810_0 .net *"_ivl_44", 0 0, L_000001f3f42cad10;  1 drivers
v000001f3f42a0d70_0 .net *"_ivl_46", 0 0, L_000001f3f42cb5d0;  1 drivers
v000001f3f42a1630_0 .net *"_ivl_48", 0 0, L_000001f3f42cb670;  1 drivers
v000001f3f42a1d10_0 .net *"_ivl_52", 0 0, L_000001f3f42cbdf0;  1 drivers
v000001f3f42a1b30_0 .net/2u *"_ivl_53", 0 0, L_000001f3f42d7418;  1 drivers
v000001f3f42a20d0_0 .net *"_ivl_62", 0 0, L_000001f3f432fa90;  1 drivers
v000001f3f42a1950_0 .net *"_ivl_64", 0 0, L_000001f3f4331390;  1 drivers
v000001f3f42a1130_0 .net *"_ivl_66", 0 0, L_000001f3f432ff90;  1 drivers
v000001f3f42a0f50_0 .net *"_ivl_68", 0 0, L_000001f3f4330990;  1 drivers
v000001f3f42a0e10_0 .net *"_ivl_70", 0 0, L_000001f3f432f130;  1 drivers
v000001f3f42a2350_0 .net *"_ivl_72", 0 0, L_000001f3f4330d50;  1 drivers
v000001f3f42a11d0_0 .net *"_ivl_74", 0 0, L_000001f3f4330e90;  1 drivers
v000001f3f42a13b0_0 .net *"_ivl_76", 0 0, L_000001f3f4330670;  1 drivers
v000001f3f42a1090_0 .net *"_ivl_78", 0 0, L_000001f3f432f1d0;  1 drivers
v000001f3f42a1db0_0 .net *"_ivl_80", 0 0, L_000001f3f43311b0;  1 drivers
v000001f3f42a1270_0 .net *"_ivl_82", 0 0, L_000001f3f4330ad0;  1 drivers
v000001f3f42a1310_0 .net *"_ivl_86", 0 0, L_000001f3f4330850;  1 drivers
v000001f3f42a0eb0_0 .net *"_ivl_88", 0 0, L_000001f3f4331110;  1 drivers
v000001f3f42a14f0_0 .net *"_ivl_90", 0 0, L_000001f3f4330710;  1 drivers
v000001f3f42a1f90_0 .net *"_ivl_92", 0 0, L_000001f3f4330a30;  1 drivers
v000001f3f42a1590_0 .net *"_ivl_94", 0 0, L_000001f3f4331610;  1 drivers
v000001f3f42a1770_0 .net *"_ivl_96", 0 0, L_000001f3f432f630;  1 drivers
v000001f3f42a18b0_0 .net *"_ivl_98", 0 0, L_000001f3f43305d0;  1 drivers
L_000001f3f42cc570 .part v000001f3f4243680_0, 15, 1;
L_000001f3f42cc750 .part v000001f3f4243680_0, 14, 1;
L_000001f3f42cb0d0 .part v000001f3f4243680_0, 13, 1;
L_000001f3f42cb710 .part v000001f3f4243680_0, 12, 1;
L_000001f3f42cb170 .part v000001f3f4243680_0, 11, 1;
L_000001f3f42cb8f0 .part v000001f3f4243680_0, 10, 1;
L_000001f3f42cb3f0 .part v000001f3f4243680_0, 9, 1;
L_000001f3f42ccc50 .part v000001f3f4243680_0, 8, 1;
L_000001f3f42cc890 .part v000001f3f4243680_0, 7, 1;
L_000001f3f42cca70 .part v000001f3f4243680_0, 6, 1;
L_000001f3f42cb990 .part v000001f3f4243680_0, 5, 1;
L_000001f3f42ca770 .part v000001f3f4243680_0, 4, 1;
L_000001f3f42cb210 .part v000001f3f4243680_0, 3, 1;
L_000001f3f42ccb10 .part v000001f3f4243680_0, 2, 1;
L_000001f3f42cbad0 .part v000001f3f4243680_0, 1, 1;
L_000001f3f42ccbb0 .part v000001f3f4243680_0, 0, 1;
L_000001f3f42ca8b0 .ufunc/vec4 TD_ICESTORM_RAM.pd, 1, o000001f3f4253748 (v000001f3f4242640_0) S_000001f3f4251200;
L_000001f3f42cb7b0 .ufunc/vec4 TD_ICESTORM_RAM.pu, 1, o000001f3f4253778 (v000001f3f4243540_0) S_000001f3f4251840;
L_000001f3f42cccf0 .ufunc/vec4 TD_ICESTORM_RAM.pd, 1, o000001f3f4253aa8 (v000001f3f4242640_0) S_000001f3f4251200;
L_000001f3f42ca950 .ufunc/vec4 TD_ICESTORM_RAM.pd, 1, o000001f3f4253598 (v000001f3f4242640_0) S_000001f3f4251200;
L_000001f3f42ca810 .ufunc/vec4 TD_ICESTORM_RAM.pd, 1, o000001f3f4253718 (v000001f3f4242640_0) S_000001f3f4251200;
L_000001f3f42caa90 .ufunc/vec4 TD_ICESTORM_RAM.pd, 1, o000001f3f42536e8 (v000001f3f4242640_0) S_000001f3f4251200;
L_000001f3f42cab30 .ufunc/vec4 TD_ICESTORM_RAM.pd, 1, o000001f3f42536b8 (v000001f3f4242640_0) S_000001f3f4251200;
L_000001f3f42cb530 .ufunc/vec4 TD_ICESTORM_RAM.pd, 1, o000001f3f4253688 (v000001f3f4242640_0) S_000001f3f4251200;
L_000001f3f42cabd0 .ufunc/vec4 TD_ICESTORM_RAM.pd, 1, o000001f3f4253658 (v000001f3f4242640_0) S_000001f3f4251200;
L_000001f3f42cb2b0 .ufunc/vec4 TD_ICESTORM_RAM.pd, 1, o000001f3f4253628 (v000001f3f4242640_0) S_000001f3f4251200;
L_000001f3f42cac70 .ufunc/vec4 TD_ICESTORM_RAM.pd, 1, o000001f3f42535f8 (v000001f3f4242640_0) S_000001f3f4251200;
L_000001f3f42cad10 .ufunc/vec4 TD_ICESTORM_RAM.pd, 1, o000001f3f42535c8 (v000001f3f4242640_0) S_000001f3f4251200;
L_000001f3f42cb5d0 .ufunc/vec4 TD_ICESTORM_RAM.pd, 1, o000001f3f4253568 (v000001f3f4242640_0) S_000001f3f4251200;
L_000001f3f42cb670 .ufunc/vec4 TD_ICESTORM_RAM.pd, 1, o000001f3f4253538 (v000001f3f4242640_0) S_000001f3f4251200;
LS_000001f3f42cb850_0_0 .concat [ 1 1 1 1], L_000001f3f42cb670, L_000001f3f42cb5d0, L_000001f3f42cad10, L_000001f3f42cac70;
LS_000001f3f42cb850_0_4 .concat [ 1 1 1 1], L_000001f3f42cb2b0, L_000001f3f42cabd0, L_000001f3f42cb530, L_000001f3f42cab30;
LS_000001f3f42cb850_0_8 .concat [ 1 1 1 0], L_000001f3f42caa90, L_000001f3f42ca810, L_000001f3f42ca950;
L_000001f3f42cb850 .concat [ 4 4 3 0], LS_000001f3f42cb850_0_0, LS_000001f3f42cb850_0_4, LS_000001f3f42cb850_0_8;
L_000001f3f42cbdf0 .ufunc/vec4 TD_ICESTORM_RAM.pd, 1, o000001f3f4253ce8 (v000001f3f4242640_0) S_000001f3f4251200;
L_000001f3f432f3b0 .ufunc/vec4 TD_ICESTORM_RAM.pu, 1, o000001f3f4253d18 (v000001f3f4243540_0) S_000001f3f4251840;
L_000001f3f4330df0 .ufunc/vec4 TD_ICESTORM_RAM.pd, 1, o000001f3f4254048 (v000001f3f4242640_0) S_000001f3f4251200;
L_000001f3f432fa90 .ufunc/vec4 TD_ICESTORM_RAM.pd, 1, o000001f3f4253b38 (v000001f3f4242640_0) S_000001f3f4251200;
L_000001f3f4331390 .ufunc/vec4 TD_ICESTORM_RAM.pd, 1, o000001f3f4253cb8 (v000001f3f4242640_0) S_000001f3f4251200;
L_000001f3f432ff90 .ufunc/vec4 TD_ICESTORM_RAM.pd, 1, o000001f3f4253c88 (v000001f3f4242640_0) S_000001f3f4251200;
L_000001f3f4330990 .ufunc/vec4 TD_ICESTORM_RAM.pd, 1, o000001f3f4253c58 (v000001f3f4242640_0) S_000001f3f4251200;
L_000001f3f432f130 .ufunc/vec4 TD_ICESTORM_RAM.pd, 1, o000001f3f4253c28 (v000001f3f4242640_0) S_000001f3f4251200;
L_000001f3f4330d50 .ufunc/vec4 TD_ICESTORM_RAM.pd, 1, o000001f3f4253bf8 (v000001f3f4242640_0) S_000001f3f4251200;
L_000001f3f4330e90 .ufunc/vec4 TD_ICESTORM_RAM.pd, 1, o000001f3f4253bc8 (v000001f3f4242640_0) S_000001f3f4251200;
L_000001f3f4330670 .ufunc/vec4 TD_ICESTORM_RAM.pd, 1, o000001f3f4253b98 (v000001f3f4242640_0) S_000001f3f4251200;
L_000001f3f432f1d0 .ufunc/vec4 TD_ICESTORM_RAM.pd, 1, o000001f3f4253b68 (v000001f3f4242640_0) S_000001f3f4251200;
L_000001f3f43311b0 .ufunc/vec4 TD_ICESTORM_RAM.pd, 1, o000001f3f4253b08 (v000001f3f4242640_0) S_000001f3f4251200;
L_000001f3f4330ad0 .ufunc/vec4 TD_ICESTORM_RAM.pd, 1, o000001f3f4253ad8 (v000001f3f4242640_0) S_000001f3f4251200;
LS_000001f3f4330210_0_0 .concat [ 1 1 1 1], L_000001f3f4330ad0, L_000001f3f43311b0, L_000001f3f432f1d0, L_000001f3f4330670;
LS_000001f3f4330210_0_4 .concat [ 1 1 1 1], L_000001f3f4330e90, L_000001f3f4330d50, L_000001f3f432f130, L_000001f3f4330990;
LS_000001f3f4330210_0_8 .concat [ 1 1 1 0], L_000001f3f432ff90, L_000001f3f4331390, L_000001f3f432fa90;
L_000001f3f4330210 .concat [ 4 4 3 0], LS_000001f3f4330210_0_0, LS_000001f3f4330210_0_4, LS_000001f3f4330210_0_8;
L_000001f3f4330850 .ufunc/vec4 TD_ICESTORM_RAM.pd, 1, o000001f3f4253388 (v000001f3f4242640_0) S_000001f3f4251200;
L_000001f3f4331110 .ufunc/vec4 TD_ICESTORM_RAM.pd, 1, o000001f3f4253358 (v000001f3f4242640_0) S_000001f3f4251200;
L_000001f3f4330710 .ufunc/vec4 TD_ICESTORM_RAM.pd, 1, o000001f3f4253328 (v000001f3f4242640_0) S_000001f3f4251200;
L_000001f3f4330a30 .ufunc/vec4 TD_ICESTORM_RAM.pd, 1, o000001f3f42532f8 (v000001f3f4242640_0) S_000001f3f4251200;
L_000001f3f4331610 .ufunc/vec4 TD_ICESTORM_RAM.pd, 1, o000001f3f42532c8 (v000001f3f4242640_0) S_000001f3f4251200;
L_000001f3f432f630 .ufunc/vec4 TD_ICESTORM_RAM.pd, 1, o000001f3f4253298 (v000001f3f4242640_0) S_000001f3f4251200;
L_000001f3f43305d0 .ufunc/vec4 TD_ICESTORM_RAM.pd, 1, o000001f3f4253508 (v000001f3f4242640_0) S_000001f3f4251200;
L_000001f3f4331750 .ufunc/vec4 TD_ICESTORM_RAM.pd, 1, o000001f3f42534d8 (v000001f3f4242640_0) S_000001f3f4251200;
L_000001f3f43308f0 .ufunc/vec4 TD_ICESTORM_RAM.pd, 1, o000001f3f42534a8 (v000001f3f4242640_0) S_000001f3f4251200;
L_000001f3f432fe50 .ufunc/vec4 TD_ICESTORM_RAM.pd, 1, o000001f3f4253478 (v000001f3f4242640_0) S_000001f3f4251200;
L_000001f3f432f6d0 .ufunc/vec4 TD_ICESTORM_RAM.pd, 1, o000001f3f4253448 (v000001f3f4242640_0) S_000001f3f4251200;
L_000001f3f432fdb0 .ufunc/vec4 TD_ICESTORM_RAM.pd, 1, o000001f3f4253418 (v000001f3f4242640_0) S_000001f3f4251200;
L_000001f3f43316b0 .ufunc/vec4 TD_ICESTORM_RAM.pd, 1, o000001f3f42533e8 (v000001f3f4242640_0) S_000001f3f4251200;
L_000001f3f4330f30 .ufunc/vec4 TD_ICESTORM_RAM.pd, 1, o000001f3f42533b8 (v000001f3f4242640_0) S_000001f3f4251200;
L_000001f3f432f450 .ufunc/vec4 TD_ICESTORM_RAM.pd, 1, o000001f3f4253268 (v000001f3f4242640_0) S_000001f3f4251200;
L_000001f3f432fef0 .ufunc/vec4 TD_ICESTORM_RAM.pd, 1, o000001f3f4253238 (v000001f3f4242640_0) S_000001f3f4251200;
LS_000001f3f43314d0_0_0 .concat [ 1 1 1 1], L_000001f3f432fef0, L_000001f3f432f450, L_000001f3f4330f30, L_000001f3f43316b0;
LS_000001f3f43314d0_0_4 .concat [ 1 1 1 1], L_000001f3f432fdb0, L_000001f3f432f6d0, L_000001f3f432fe50, L_000001f3f43308f0;
LS_000001f3f43314d0_0_8 .concat [ 1 1 1 1], L_000001f3f4331750, L_000001f3f43305d0, L_000001f3f432f630, L_000001f3f4331610;
LS_000001f3f43314d0_0_12 .concat [ 1 1 1 1], L_000001f3f4330a30, L_000001f3f4330710, L_000001f3f4331110, L_000001f3f4330850;
L_000001f3f43314d0 .concat [ 4 4 4 4], LS_000001f3f43314d0_0_0, LS_000001f3f43314d0_0_4, LS_000001f3f43314d0_0_8, LS_000001f3f43314d0_0_12;
L_000001f3f4330fd0 .ufunc/vec4 TD_ICESTORM_RAM.pd, 1, o000001f3f4253e98 (v000001f3f4242640_0) S_000001f3f4251200;
L_000001f3f432fb30 .ufunc/vec4 TD_ICESTORM_RAM.pd, 1, o000001f3f4253e68 (v000001f3f4242640_0) S_000001f3f4251200;
L_000001f3f4331430 .ufunc/vec4 TD_ICESTORM_RAM.pd, 1, o000001f3f4253e38 (v000001f3f4242640_0) S_000001f3f4251200;
L_000001f3f4330030 .ufunc/vec4 TD_ICESTORM_RAM.pd, 1, o000001f3f4253e08 (v000001f3f4242640_0) S_000001f3f4251200;
L_000001f3f4330b70 .ufunc/vec4 TD_ICESTORM_RAM.pd, 1, o000001f3f4253dd8 (v000001f3f4242640_0) S_000001f3f4251200;
L_000001f3f432f270 .ufunc/vec4 TD_ICESTORM_RAM.pd, 1, o000001f3f4253da8 (v000001f3f4242640_0) S_000001f3f4251200;
L_000001f3f4331070 .ufunc/vec4 TD_ICESTORM_RAM.pd, 1, o000001f3f4254018 (v000001f3f4242640_0) S_000001f3f4251200;
L_000001f3f4331250 .ufunc/vec4 TD_ICESTORM_RAM.pd, 1, o000001f3f4253fe8 (v000001f3f4242640_0) S_000001f3f4251200;
L_000001f3f43307b0 .ufunc/vec4 TD_ICESTORM_RAM.pd, 1, o000001f3f4253fb8 (v000001f3f4242640_0) S_000001f3f4251200;
L_000001f3f4330c10 .ufunc/vec4 TD_ICESTORM_RAM.pd, 1, o000001f3f4253f88 (v000001f3f4242640_0) S_000001f3f4251200;
L_000001f3f4330cb0 .ufunc/vec4 TD_ICESTORM_RAM.pd, 1, o000001f3f4253f58 (v000001f3f4242640_0) S_000001f3f4251200;
L_000001f3f43312f0 .ufunc/vec4 TD_ICESTORM_RAM.pd, 1, o000001f3f4253f28 (v000001f3f4242640_0) S_000001f3f4251200;
L_000001f3f4331570 .ufunc/vec4 TD_ICESTORM_RAM.pd, 1, o000001f3f4253ef8 (v000001f3f4242640_0) S_000001f3f4251200;
L_000001f3f43317f0 .ufunc/vec4 TD_ICESTORM_RAM.pd, 1, o000001f3f4253ec8 (v000001f3f4242640_0) S_000001f3f4251200;
L_000001f3f4331890 .ufunc/vec4 TD_ICESTORM_RAM.pd, 1, o000001f3f4253d78 (v000001f3f4242640_0) S_000001f3f4251200;
L_000001f3f432f310 .ufunc/vec4 TD_ICESTORM_RAM.pd, 1, o000001f3f4253d48 (v000001f3f4242640_0) S_000001f3f4251200;
LS_000001f3f432f4f0_0_0 .concat [ 1 1 1 1], L_000001f3f432f310, L_000001f3f4331890, L_000001f3f43317f0, L_000001f3f4331570;
LS_000001f3f432f4f0_0_4 .concat [ 1 1 1 1], L_000001f3f43312f0, L_000001f3f4330cb0, L_000001f3f4330c10, L_000001f3f43307b0;
LS_000001f3f432f4f0_0_8 .concat [ 1 1 1 1], L_000001f3f4331250, L_000001f3f4331070, L_000001f3f432f270, L_000001f3f4330b70;
LS_000001f3f432f4f0_0_12 .concat [ 1 1 1 1], L_000001f3f4330030, L_000001f3f4331430, L_000001f3f432fb30, L_000001f3f4330fd0;
L_000001f3f432f4f0 .concat [ 4 4 4 4], LS_000001f3f432f4f0_0_0, LS_000001f3f432f4f0_0_4, LS_000001f3f432f4f0_0_8, LS_000001f3f432f4f0_0_12;
S_000001f3f4251e80 .scope module, "RAM" "SB_RAM40_4K" 3 3233, 3 1487 0, S_000001f3f40ea120;
 .timescale -12 -12;
    .port_info 0 /OUTPUT 16 "RDATA";
    .port_info 1 /INPUT 1 "RCLK";
    .port_info 2 /INPUT 1 "RCLKE";
    .port_info 3 /INPUT 1 "RE";
    .port_info 4 /INPUT 11 "RADDR";
    .port_info 5 /INPUT 1 "WCLK";
    .port_info 6 /INPUT 1 "WCLKE";
    .port_info 7 /INPUT 1 "WE";
    .port_info 8 /INPUT 11 "WADDR";
    .port_info 9 /INPUT 16 "MASK";
    .port_info 10 /INPUT 16 "WDATA";
P_000001f3f429e0e0 .param/l "INIT_0" 0 3 1507, C4<0000000000000000000000000000000000000000000000000000000000000000000000000000000000000000000000000000000000000000000000000000000000000000000000000000000000000000000000000000000000000000000000000000000000000000000000000000000000000000000000000000000000000000>;
P_000001f3f429e118 .param/l "INIT_1" 0 3 1508, C4<0000000000000000000000000000000000000000000000000000000000000000000000000000000000000000000000000000000000000000000000000000000000000000000000000000000000000000000000000000000000000000000000000000000000000000000000000000000000000000000000000000000000000000>;
P_000001f3f429e150 .param/l "INIT_2" 0 3 1509, C4<0000000000000000000000000000000000000000000000000000000000000000000000000000000000000000000000000000000000000000000000000000000000000000000000000000000000000000000000000000000000000000000000000000000000000000000000000000000000000000000000000000000000000000>;
P_000001f3f429e188 .param/l "INIT_3" 0 3 1510, C4<0000000000000000000000000000000000000000000000000000000000000000000000000000000000000000000000000000000000000000000000000000000000000000000000000000000000000000000000000000000000000000000000000000000000000000000000000000000000000000000000000000000000000000>;
P_000001f3f429e1c0 .param/l "INIT_4" 0 3 1511, C4<0000000000000000000000000000000000000000000000000000000000000000000000000000000000000000000000000000000000000000000000000000000000000000000000000000000000000000000000000000000000000000000000000000000000000000000000000000000000000000000000000000000000000000>;
P_000001f3f429e1f8 .param/l "INIT_5" 0 3 1512, C4<0000000000000000000000000000000000000000000000000000000000000000000000000000000000000000000000000000000000000000000000000000000000000000000000000000000000000000000000000000000000000000000000000000000000000000000000000000000000000000000000000000000000000000>;
P_000001f3f429e230 .param/l "INIT_6" 0 3 1513, C4<0000000000000000000000000000000000000000000000000000000000000000000000000000000000000000000000000000000000000000000000000000000000000000000000000000000000000000000000000000000000000000000000000000000000000000000000000000000000000000000000000000000000000000>;
P_000001f3f429e268 .param/l "INIT_7" 0 3 1514, C4<0000000000000000000000000000000000000000000000000000000000000000000000000000000000000000000000000000000000000000000000000000000000000000000000000000000000000000000000000000000000000000000000000000000000000000000000000000000000000000000000000000000000000000>;
P_000001f3f429e2a0 .param/l "INIT_8" 0 3 1515, C4<0000000000000000000000000000000000000000000000000000000000000000000000000000000000000000000000000000000000000000000000000000000000000000000000000000000000000000000000000000000000000000000000000000000000000000000000000000000000000000000000000000000000000000>;
P_000001f3f429e2d8 .param/l "INIT_9" 0 3 1516, C4<0000000000000000000000000000000000000000000000000000000000000000000000000000000000000000000000000000000000000000000000000000000000000000000000000000000000000000000000000000000000000000000000000000000000000000000000000000000000000000000000000000000000000000>;
P_000001f3f429e310 .param/l "INIT_A" 0 3 1517, C4<0000000000000000000000000000000000000000000000000000000000000000000000000000000000000000000000000000000000000000000000000000000000000000000000000000000000000000000000000000000000000000000000000000000000000000000000000000000000000000000000000000000000000000>;
P_000001f3f429e348 .param/l "INIT_B" 0 3 1518, C4<0000000000000000000000000000000000000000000000000000000000000000000000000000000000000000000000000000000000000000000000000000000000000000000000000000000000000000000000000000000000000000000000000000000000000000000000000000000000000000000000000000000000000000>;
P_000001f3f429e380 .param/l "INIT_C" 0 3 1519, C4<0000000000000000000000000000000000000000000000000000000000000000000000000000000000000000000000000000000000000000000000000000000000000000000000000000000000000000000000000000000000000000000000000000000000000000000000000000000000000000000000000000000000000000>;
P_000001f3f429e3b8 .param/l "INIT_D" 0 3 1520, C4<0000000000000000000000000000000000000000000000000000000000000000000000000000000000000000000000000000000000000000000000000000000000000000000000000000000000000000000000000000000000000000000000000000000000000000000000000000000000000000000000000000000000000000>;
P_000001f3f429e3f0 .param/l "INIT_E" 0 3 1521, C4<0000000000000000000000000000000000000000000000000000000000000000000000000000000000000000000000000000000000000000000000000000000000000000000000000000000000000000000000000000000000000000000000000000000000000000000000000000000000000000000000000000000000000000>;
P_000001f3f429e428 .param/l "INIT_F" 0 3 1522, C4<0000000000000000000000000000000000000000000000000000000000000000000000000000000000000000000000000000000000000000000000000000000000000000000000000000000000000000000000000000000000000000000000000000000000000000000000000000000000000000000000000000000000000000>;
P_000001f3f429e460 .param/str "INIT_FILE" 0 3 1524, "\000";
P_000001f3f429e498 .param/l "READ_MODE" 0 3 1505, +C4<00000000000000000000000000000000>;
P_000001f3f429e4d0 .param/l "WRITE_MODE" 0 3 1504, +C4<00000000000000000000000000000000>;
v000001f3f4240d40_0 .net "MASK", 15 0, L_000001f3f43314d0;  1 drivers
v000001f3f4240de0_0 .net "RADDR", 10 0, L_000001f3f42cb850;  1 drivers
v000001f3f4242000_0 .net "RCLK", 0 0, L_000001f3f41f25a0;  1 drivers
v000001f3f423fa80_0 .net "RCLKE", 0 0, L_000001f3f42cb7b0;  1 drivers
v000001f3f42435e0_0 .net "RDATA", 15 0, v000001f3f4243680_0;  1 drivers
v000001f3f4243680_0 .var "RDATA_I", 15 0;
v000001f3f4243400_0 .net "RE", 0 0, L_000001f3f42cccf0;  1 drivers
L_000001f3f42d7388 .functor BUFT 1, C4<0000000000000000>, C4<0>, C4<0>, C4<0>;
v000001f3f4242280_0 .net "RMASK_I", 15 0, L_000001f3f42d7388;  1 drivers
v000001f3f4243040_0 .net "WADDR", 10 0, L_000001f3f4330210;  1 drivers
v000001f3f4242be0_0 .net "WCLK", 0 0, L_000001f3f41f2680;  1 drivers
v000001f3f4242320_0 .net "WCLKE", 0 0, L_000001f3f432f3b0;  1 drivers
v000001f3f4243220_0 .net "WDATA", 15 0, L_000001f3f432f4f0;  1 drivers
v000001f3f4242fa0_0 .net "WDATA_I", 15 0, L_000001f3f41f2ed0;  1 drivers
v000001f3f42434a0_0 .net "WE", 0 0, L_000001f3f4330df0;  1 drivers
v000001f3f4242780_0 .net "WMASK_I", 15 0, L_000001f3f41f2290;  1 drivers
v000001f3f42430e0_0 .var/i "i", 31 0;
v000001f3f4242dc0 .array "memory", 255 0, 15 0;
E_000001f3f421ac70 .event posedge, v000001f3f4242000_0;
E_000001f3f421ab70 .event posedge, v000001f3f4242be0_0;
S_000001f3f4250710 .scope generate, "genblk1" "genblk1" 3 1534, 3 1534 0, S_000001f3f4251e80;
 .timescale -12 -12;
L_000001f3f41f2290 .functor BUFZ 16, L_000001f3f43314d0, C4<0000000000000000>, C4<0000000000000000>, C4<0000000000000000>;
S_000001f3f42500d0 .scope generate, "genblk2" "genblk2" 3 1555, 3 1555 0, S_000001f3f4251e80;
 .timescale -12 -12;
S_000001f3f4251390 .scope generate, "genblk3" "genblk3" 3 1576, 3 1576 0, S_000001f3f4251e80;
 .timescale -12 -12;
L_000001f3f41f2ed0 .functor BUFZ 16, L_000001f3f432f4f0, C4<0000000000000000>, C4<0000000000000000>, C4<0000000000000000>;
S_000001f3f4251b60 .scope generate, "genblk4" "genblk4" 3 1595, 3 1595 0, S_000001f3f4251e80;
 .timescale -12 -12;
S_000001f3f4251200 .scope function.vec4.s1, "pd" "pd" 3 3200, 3 3200 0, S_000001f3f40ea120;
 .timescale -12 -12;
; Variable pd is vec4 return value of scope S_000001f3f4251200
v000001f3f4242640_0 .var "x", 0 0;
TD_ICESTORM_RAM.pd ;
    %load/vec4 v000001f3f4242640_0;
    %cmpi/e 0, 1, 1;
    %flag_mov 8, 6;
    %jmp/0 T_0.0, 8;
    %pushi/vec4 0, 0, 1;
    %jmp/1 T_0.1, 8;
T_0.0 ; End of true expr.
    %load/vec4 v000001f3f4242640_0;
    %jmp/0 T_0.1, 8;
 ; End of false expr.
    %blend;
T_0.1;
    %ret/vec4 0, 0, 1;  Assign to pd (store_vec4_to_lval)
    %end;
S_000001f3f4251840 .scope function.vec4.s1, "pu" "pu" 3 3207, 3 3207 0, S_000001f3f40ea120;
 .timescale -12 -12;
; Variable pu is vec4 return value of scope S_000001f3f4251840
v000001f3f4243540_0 .var "x", 0 0;
TD_ICESTORM_RAM.pu ;
    %load/vec4 v000001f3f4243540_0;
    %cmpi/e 0, 1, 1;
    %flag_mov 8, 6;
    %jmp/0 T_1.2, 8;
    %pushi/vec4 1, 0, 1;
    %jmp/1 T_1.3, 8;
T_1.2 ; End of true expr.
    %load/vec4 v000001f3f4243540_0;
    %jmp/0 T_1.3, 8;
 ; End of false expr.
    %blend;
T_1.3;
    %ret/vec4 0, 0, 1;  Assign to pu (store_vec4_to_lval)
    %end;
S_000001f3f40ea2b0 .scope module, "SB_CARRY" "SB_CARRY" 3 228;
 .timescale -12 -12;
    .port_info 0 /OUTPUT 1 "CO";
    .port_info 1 /INPUT 1 "I0";
    .port_info 2 /INPUT 1 "I1";
    .port_info 3 /INPUT 1 "CI";
o000001f3f42559f8 .functor BUFZ 1, c4<z>; HiZ drive
o000001f3f4255a28 .functor BUFZ 1, c4<z>; HiZ drive
L_000001f3f41f31e0 .functor AND 1, o000001f3f42559f8, o000001f3f4255a28, C4<1>, C4<1>;
L_000001f3f41f3090 .functor OR 1, o000001f3f42559f8, o000001f3f4255a28, C4<0>, C4<0>;
o000001f3f4255998 .functor BUFZ 1, c4<z>; HiZ drive
L_000001f3f41f3100 .functor AND 1, L_000001f3f41f3090, o000001f3f4255998, C4<1>, C4<1>;
L_000001f3f41f3170 .functor OR 1, L_000001f3f41f31e0, L_000001f3f41f3100, C4<0>, C4<0>;
v000001f3f42a2170_0 .net "CI", 0 0, o000001f3f4255998;  0 drivers
v000001f3f42a2210_0 .net "CO", 0 0, L_000001f3f41f3170;  1 drivers
v000001f3f42a19f0_0 .net "I0", 0 0, o000001f3f42559f8;  0 drivers
v000001f3f42a1bd0_0 .net "I1", 0 0, o000001f3f4255a28;  0 drivers
v000001f3f42a2030_0 .net *"_ivl_1", 0 0, L_000001f3f41f31e0;  1 drivers
v000001f3f42a1c70_0 .net *"_ivl_3", 0 0, L_000001f3f41f3090;  1 drivers
v000001f3f42a1e50_0 .net *"_ivl_5", 0 0, L_000001f3f41f3100;  1 drivers
S_000001f3f3fa5bc0 .scope module, "SB_DFF" "SB_DFF" 3 265;
 .timescale -12 -12;
    .port_info 0 /OUTPUT 1 "Q";
    .port_info 1 /INPUT 1 "C";
    .port_info 2 /INPUT 1 "D";
o000001f3f4255ba8 .functor BUFZ 1, c4<z>; HiZ drive
v000001f3f42a1ef0_0 .net "C", 0 0, o000001f3f4255ba8;  0 drivers
o000001f3f4255bd8 .functor BUFZ 1, c4<z>; HiZ drive
v000001f3f42a3970_0 .net "D", 0 0, o000001f3f4255bd8;  0 drivers
v000001f3f42a47d0_0 .var "Q", 0 0;
E_000001f3f421af70 .event posedge, v000001f3f42a1ef0_0;
S_000001f3f4246cb0 .scope module, "SB_DFFE" "SB_DFFE" 3 303;
 .timescale -12 -12;
    .port_info 0 /OUTPUT 1 "Q";
    .port_info 1 /INPUT 1 "C";
    .port_info 2 /INPUT 1 "E";
    .port_info 3 /INPUT 1 "D";
o000001f3f4255cc8 .functor BUFZ 1, c4<z>; HiZ drive
v000001f3f42a2d90_0 .net "C", 0 0, o000001f3f4255cc8;  0 drivers
o000001f3f4255cf8 .functor BUFZ 1, c4<z>; HiZ drive
v000001f3f42a33d0_0 .net "D", 0 0, o000001f3f4255cf8;  0 drivers
o000001f3f4255d28 .functor BUFZ 1, c4<z>; HiZ drive
v000001f3f42a4c30_0 .net "E", 0 0, o000001f3f4255d28;  0 drivers
v000001f3f42a2e30_0 .var "Q", 0 0;
E_000001f3f421b3b0 .event posedge, v000001f3f42a2d90_0;
S_000001f3f4246e40 .scope module, "SB_DFFER" "SB_DFFER" 3 653;
 .timescale -12 -12;
    .port_info 0 /OUTPUT 1 "Q";
    .port_info 1 /INPUT 1 "C";
    .port_info 2 /INPUT 1 "E";
    .port_info 3 /INPUT 1 "R";
    .port_info 4 /INPUT 1 "D";
o000001f3f4255e48 .functor BUFZ 1, c4<z>; HiZ drive
v000001f3f42a31f0_0 .net "C", 0 0, o000001f3f4255e48;  0 drivers
o000001f3f4255e78 .functor BUFZ 1, c4<z>; HiZ drive
v000001f3f42a2ed0_0 .net "D", 0 0, o000001f3f4255e78;  0 drivers
o000001f3f4255ea8 .functor BUFZ 1, c4<z>; HiZ drive
v000001f3f42a4050_0 .net "E", 0 0, o000001f3f4255ea8;  0 drivers
v000001f3f42a5450_0 .var "Q", 0 0;
o000001f3f4255f08 .functor BUFZ 1, c4<z>; HiZ drive
v000001f3f42a3470_0 .net "R", 0 0, o000001f3f4255f08;  0 drivers
E_000001f3f421b6b0 .event posedge, v000001f3f42a3470_0, v000001f3f42a31f0_0;
S_000001f3f3faaa70 .scope module, "SB_DFFES" "SB_DFFES" 3 794;
 .timescale -12 -12;
    .port_info 0 /OUTPUT 1 "Q";
    .port_info 1 /INPUT 1 "C";
    .port_info 2 /INPUT 1 "E";
    .port_info 3 /INPUT 1 "S";
    .port_info 4 /INPUT 1 "D";
o000001f3f4256028 .functor BUFZ 1, c4<z>; HiZ drive
v000001f3f42a4550_0 .net "C", 0 0, o000001f3f4256028;  0 drivers
o000001f3f4256058 .functor BUFZ 1, c4<z>; HiZ drive
v000001f3f42a4870_0 .net "D", 0 0, o000001f3f4256058;  0 drivers
o000001f3f4256088 .functor BUFZ 1, c4<z>; HiZ drive
v000001f3f42a3e70_0 .net "E", 0 0, o000001f3f4256088;  0 drivers
v000001f3f42a5270_0 .var "Q", 0 0;
o000001f3f42560e8 .functor BUFZ 1, c4<z>; HiZ drive
v000001f3f42a3a10_0 .net "S", 0 0, o000001f3f42560e8;  0 drivers
E_000001f3f421c170 .event posedge, v000001f3f42a3a10_0, v000001f3f42a4550_0;
S_000001f3f3faac00 .scope module, "SB_DFFESR" "SB_DFFESR" 3 592;
 .timescale -12 -12;
    .port_info 0 /OUTPUT 1 "Q";
    .port_info 1 /INPUT 1 "C";
    .port_info 2 /INPUT 1 "E";
    .port_info 3 /INPUT 1 "R";
    .port_info 4 /INPUT 1 "D";
o000001f3f4256208 .functor BUFZ 1, c4<z>; HiZ drive
v000001f3f42a45f0_0 .net "C", 0 0, o000001f3f4256208;  0 drivers
o000001f3f4256238 .functor BUFZ 1, c4<z>; HiZ drive
v000001f3f42a3ab0_0 .net "D", 0 0, o000001f3f4256238;  0 drivers
o000001f3f4256268 .functor BUFZ 1, c4<z>; HiZ drive
v000001f3f42a54f0_0 .net "E", 0 0, o000001f3f4256268;  0 drivers
v000001f3f42a3dd0_0 .var "Q", 0 0;
o000001f3f42562c8 .functor BUFZ 1, c4<z>; HiZ drive
v000001f3f42a3150_0 .net "R", 0 0, o000001f3f42562c8;  0 drivers
E_000001f3f421b670 .event posedge, v000001f3f42a45f0_0;
S_000001f3f3faad90 .scope module, "SB_DFFESS" "SB_DFFESS" 3 733;
 .timescale -12 -12;
    .port_info 0 /OUTPUT 1 "Q";
    .port_info 1 /INPUT 1 "C";
    .port_info 2 /INPUT 1 "E";
    .port_info 3 /INPUT 1 "S";
    .port_info 4 /INPUT 1 "D";
o000001f3f42563e8 .functor BUFZ 1, c4<z>; HiZ drive
v000001f3f42a3290_0 .net "C", 0 0, o000001f3f42563e8;  0 drivers
o000001f3f4256418 .functor BUFZ 1, c4<z>; HiZ drive
v000001f3f42a3010_0 .net "D", 0 0, o000001f3f4256418;  0 drivers
o000001f3f4256448 .functor BUFZ 1, c4<z>; HiZ drive
v000001f3f42a3b50_0 .net "E", 0 0, o000001f3f4256448;  0 drivers
v000001f3f42a35b0_0 .var "Q", 0 0;
o000001f3f42564a8 .functor BUFZ 1, c4<z>; HiZ drive
v000001f3f42a3bf0_0 .net "S", 0 0, o000001f3f42564a8;  0 drivers
E_000001f3f421bfb0 .event posedge, v000001f3f42a3290_0;
S_000001f3f3fb68e0 .scope module, "SB_DFFN" "SB_DFFN" 3 876;
 .timescale -12 -12;
    .port_info 0 /OUTPUT 1 "Q";
    .port_info 1 /INPUT 1 "C";
    .port_info 2 /INPUT 1 "D";
o000001f3f42565c8 .functor BUFZ 1, c4<z>; HiZ drive
v000001f3f42a3fb0_0 .net "C", 0 0, o000001f3f42565c8;  0 drivers
o000001f3f42565f8 .functor BUFZ 1, c4<z>; HiZ drive
v000001f3f42a4d70_0 .net "D", 0 0, o000001f3f42565f8;  0 drivers
v000001f3f42a5130_0 .var "Q", 0 0;
E_000001f3f421b730 .event negedge, v000001f3f42a3fb0_0;
S_000001f3f3fb6a70 .scope module, "SB_DFFNE" "SB_DFFNE" 3 914;
 .timescale -12 -12;
    .port_info 0 /OUTPUT 1 "Q";
    .port_info 1 /INPUT 1 "C";
    .port_info 2 /INPUT 1 "E";
    .port_info 3 /INPUT 1 "D";
o000001f3f42566e8 .functor BUFZ 1, c4<z>; HiZ drive
v000001f3f42a4690_0 .net "C", 0 0, o000001f3f42566e8;  0 drivers
o000001f3f4256718 .functor BUFZ 1, c4<z>; HiZ drive
v000001f3f42a2f70_0 .net "D", 0 0, o000001f3f4256718;  0 drivers
o000001f3f4256748 .functor BUFZ 1, c4<z>; HiZ drive
v000001f3f42a4410_0 .net "E", 0 0, o000001f3f4256748;  0 drivers
v000001f3f42a49b0_0 .var "Q", 0 0;
E_000001f3f421c1b0 .event negedge, v000001f3f42a4690_0;
S_000001f3f3fb6c00 .scope module, "SB_DFFNER" "SB_DFFNER" 3 1264;
 .timescale -12 -12;
    .port_info 0 /OUTPUT 1 "Q";
    .port_info 1 /INPUT 1 "C";
    .port_info 2 /INPUT 1 "E";
    .port_info 3 /INPUT 1 "R";
    .port_info 4 /INPUT 1 "D";
o000001f3f4256868 .functor BUFZ 1, c4<z>; HiZ drive
v000001f3f42a4a50_0 .net "C", 0 0, o000001f3f4256868;  0 drivers
o000001f3f4256898 .functor BUFZ 1, c4<z>; HiZ drive
v000001f3f42a4910_0 .net "D", 0 0, o000001f3f4256898;  0 drivers
o000001f3f42568c8 .functor BUFZ 1, c4<z>; HiZ drive
v000001f3f42a40f0_0 .net "E", 0 0, o000001f3f42568c8;  0 drivers
v000001f3f42a30b0_0 .var "Q", 0 0;
o000001f3f4256928 .functor BUFZ 1, c4<z>; HiZ drive
v000001f3f42a53b0_0 .net "R", 0 0, o000001f3f4256928;  0 drivers
E_000001f3f421bbf0/0 .event negedge, v000001f3f42a4a50_0;
E_000001f3f421bbf0/1 .event posedge, v000001f3f42a53b0_0;
E_000001f3f421bbf0 .event/or E_000001f3f421bbf0/0, E_000001f3f421bbf0/1;
S_000001f3f3fb1f10 .scope module, "SB_DFFNES" "SB_DFFNES" 3 1405;
 .timescale -12 -12;
    .port_info 0 /OUTPUT 1 "Q";
    .port_info 1 /INPUT 1 "C";
    .port_info 2 /INPUT 1 "E";
    .port_info 3 /INPUT 1 "S";
    .port_info 4 /INPUT 1 "D";
o000001f3f4256a48 .functor BUFZ 1, c4<z>; HiZ drive
v000001f3f42a36f0_0 .net "C", 0 0, o000001f3f4256a48;  0 drivers
o000001f3f4256a78 .functor BUFZ 1, c4<z>; HiZ drive
v000001f3f42a3510_0 .net "D", 0 0, o000001f3f4256a78;  0 drivers
o000001f3f4256aa8 .functor BUFZ 1, c4<z>; HiZ drive
v000001f3f42a3330_0 .net "E", 0 0, o000001f3f4256aa8;  0 drivers
v000001f3f42a4190_0 .var "Q", 0 0;
o000001f3f4256b08 .functor BUFZ 1, c4<z>; HiZ drive
v000001f3f42a4eb0_0 .net "S", 0 0, o000001f3f4256b08;  0 drivers
E_000001f3f421beb0/0 .event negedge, v000001f3f42a36f0_0;
E_000001f3f421beb0/1 .event posedge, v000001f3f42a4eb0_0;
E_000001f3f421beb0 .event/or E_000001f3f421beb0/0, E_000001f3f421beb0/1;
S_000001f3f4247020 .scope module, "SB_DFFNESR" "SB_DFFNESR" 3 1203;
 .timescale -12 -12;
    .port_info 0 /OUTPUT 1 "Q";
    .port_info 1 /INPUT 1 "C";
    .port_info 2 /INPUT 1 "E";
    .port_info 3 /INPUT 1 "R";
    .port_info 4 /INPUT 1 "D";
o000001f3f4256c28 .functor BUFZ 1, c4<z>; HiZ drive
v000001f3f42a4cd0_0 .net "C", 0 0, o000001f3f4256c28;  0 drivers
o000001f3f4256c58 .functor BUFZ 1, c4<z>; HiZ drive
v000001f3f42a4ff0_0 .net "D", 0 0, o000001f3f4256c58;  0 drivers
o000001f3f4256c88 .functor BUFZ 1, c4<z>; HiZ drive
v000001f3f42a4730_0 .net "E", 0 0, o000001f3f4256c88;  0 drivers
v000001f3f42a4af0_0 .var "Q", 0 0;
o000001f3f4256ce8 .functor BUFZ 1, c4<z>; HiZ drive
v000001f3f42a3c90_0 .net "R", 0 0, o000001f3f4256ce8;  0 drivers
E_000001f3f421b5f0 .event negedge, v000001f3f42a4cd0_0;
S_000001f3f4247b10 .scope module, "SB_DFFNESS" "SB_DFFNESS" 3 1344;
 .timescale -12 -12;
    .port_info 0 /OUTPUT 1 "Q";
    .port_info 1 /INPUT 1 "C";
    .port_info 2 /INPUT 1 "E";
    .port_info 3 /INPUT 1 "S";
    .port_info 4 /INPUT 1 "D";
o000001f3f4256e08 .functor BUFZ 1, c4<z>; HiZ drive
v000001f3f42a4e10_0 .net "C", 0 0, o000001f3f4256e08;  0 drivers
o000001f3f4256e38 .functor BUFZ 1, c4<z>; HiZ drive
v000001f3f42a4b90_0 .net "D", 0 0, o000001f3f4256e38;  0 drivers
o000001f3f4256e68 .functor BUFZ 1, c4<z>; HiZ drive
v000001f3f42a3650_0 .net "E", 0 0, o000001f3f4256e68;  0 drivers
v000001f3f42a4f50_0 .var "Q", 0 0;
o000001f3f4256ec8 .functor BUFZ 1, c4<z>; HiZ drive
v000001f3f42a51d0_0 .net "S", 0 0, o000001f3f4256ec8;  0 drivers
E_000001f3f421bb30 .event negedge, v000001f3f42a4e10_0;
S_000001f3f42477f0 .scope module, "SB_DFFNR" "SB_DFFNR" 3 1011;
 .timescale -12 -12;
    .port_info 0 /OUTPUT 1 "Q";
    .port_info 1 /INPUT 1 "C";
    .port_info 2 /INPUT 1 "R";
    .port_info 3 /INPUT 1 "D";
o000001f3f4256fe8 .functor BUFZ 1, c4<z>; HiZ drive
v000001f3f42a44b0_0 .net "C", 0 0, o000001f3f4256fe8;  0 drivers
o000001f3f4257018 .functor BUFZ 1, c4<z>; HiZ drive
v000001f3f42a3790_0 .net "D", 0 0, o000001f3f4257018;  0 drivers
v000001f3f42a4370_0 .var "Q", 0 0;
o000001f3f4257078 .functor BUFZ 1, c4<z>; HiZ drive
v000001f3f42a3830_0 .net "R", 0 0, o000001f3f4257078;  0 drivers
E_000001f3f421b870/0 .event negedge, v000001f3f42a44b0_0;
E_000001f3f421b870/1 .event posedge, v000001f3f42a3830_0;
E_000001f3f421b870 .event/or E_000001f3f421b870/0, E_000001f3f421b870/1;
S_000001f3f4247660 .scope module, "SB_DFFNS" "SB_DFFNS" 3 1132;
 .timescale -12 -12;
    .port_info 0 /OUTPUT 1 "Q";
    .port_info 1 /INPUT 1 "C";
    .port_info 2 /INPUT 1 "S";
    .port_info 3 /INPUT 1 "D";
o000001f3f4257168 .functor BUFZ 1, c4<z>; HiZ drive
v000001f3f42a38d0_0 .net "C", 0 0, o000001f3f4257168;  0 drivers
o000001f3f4257198 .functor BUFZ 1, c4<z>; HiZ drive
v000001f3f42a5090_0 .net "D", 0 0, o000001f3f4257198;  0 drivers
v000001f3f42a3f10_0 .var "Q", 0 0;
o000001f3f42571f8 .functor BUFZ 1, c4<z>; HiZ drive
v000001f3f42a5310_0 .net "S", 0 0, o000001f3f42571f8;  0 drivers
E_000001f3f421bcb0/0 .event negedge, v000001f3f42a38d0_0;
E_000001f3f421bcb0/1 .event posedge, v000001f3f42a5310_0;
E_000001f3f421bcb0 .event/or E_000001f3f421bcb0/0, E_000001f3f421bcb0/1;
S_000001f3f4247980 .scope module, "SB_DFFNSR" "SB_DFFNSR" 3 961;
 .timescale -12 -12;
    .port_info 0 /OUTPUT 1 "Q";
    .port_info 1 /INPUT 1 "C";
    .port_info 2 /INPUT 1 "R";
    .port_info 3 /INPUT 1 "D";
o000001f3f42572e8 .functor BUFZ 1, c4<z>; HiZ drive
v000001f3f42a3d30_0 .net "C", 0 0, o000001f3f42572e8;  0 drivers
o000001f3f4257318 .functor BUFZ 1, c4<z>; HiZ drive
v000001f3f42a4230_0 .net "D", 0 0, o000001f3f4257318;  0 drivers
v000001f3f42a42d0_0 .var "Q", 0 0;
o000001f3f4257378 .functor BUFZ 1, c4<z>; HiZ drive
v000001f3f42a6990_0 .net "R", 0 0, o000001f3f4257378;  0 drivers
E_000001f3f421c1f0 .event negedge, v000001f3f42a3d30_0;
S_000001f3f4247ca0 .scope module, "SB_DFFNSS" "SB_DFFNSS" 3 1082;
 .timescale -12 -12;
    .port_info 0 /OUTPUT 1 "Q";
    .port_info 1 /INPUT 1 "C";
    .port_info 2 /INPUT 1 "S";
    .port_info 3 /INPUT 1 "D";
o000001f3f4257468 .functor BUFZ 1, c4<z>; HiZ drive
v000001f3f42a6a30_0 .net "C", 0 0, o000001f3f4257468;  0 drivers
o000001f3f4257498 .functor BUFZ 1, c4<z>; HiZ drive
v000001f3f42a5bd0_0 .net "D", 0 0, o000001f3f4257498;  0 drivers
v000001f3f42a6850_0 .var "Q", 0 0;
o000001f3f42574f8 .functor BUFZ 1, c4<z>; HiZ drive
v000001f3f42a6670_0 .net "S", 0 0, o000001f3f42574f8;  0 drivers
E_000001f3f421b5b0 .event negedge, v000001f3f42a6a30_0;
S_000001f3f42471b0 .scope module, "SB_DFFR" "SB_DFFR" 3 400;
 .timescale -12 -12;
    .port_info 0 /OUTPUT 1 "Q";
    .port_info 1 /INPUT 1 "C";
    .port_info 2 /INPUT 1 "R";
    .port_info 3 /INPUT 1 "D";
o000001f3f42575e8 .functor BUFZ 1, c4<z>; HiZ drive
v000001f3f42a67b0_0 .net "C", 0 0, o000001f3f42575e8;  0 drivers
o000001f3f4257618 .functor BUFZ 1, c4<z>; HiZ drive
v000001f3f42a65d0_0 .net "D", 0 0, o000001f3f4257618;  0 drivers
v000001f3f42a6350_0 .var "Q", 0 0;
o000001f3f4257678 .functor BUFZ 1, c4<z>; HiZ drive
v000001f3f42a60d0_0 .net "R", 0 0, o000001f3f4257678;  0 drivers
E_000001f3f421b770 .event posedge, v000001f3f42a60d0_0, v000001f3f42a67b0_0;
S_000001f3f4247e30 .scope module, "SB_DFFS" "SB_DFFS" 3 521;
 .timescale -12 -12;
    .port_info 0 /OUTPUT 1 "Q";
    .port_info 1 /INPUT 1 "C";
    .port_info 2 /INPUT 1 "S";
    .port_info 3 /INPUT 1 "D";
o000001f3f4257768 .functor BUFZ 1, c4<z>; HiZ drive
v000001f3f42a5c70_0 .net "C", 0 0, o000001f3f4257768;  0 drivers
o000001f3f4257798 .functor BUFZ 1, c4<z>; HiZ drive
v000001f3f42a6490_0 .net "D", 0 0, o000001f3f4257798;  0 drivers
v000001f3f42a6ad0_0 .var "Q", 0 0;
o000001f3f42577f8 .functor BUFZ 1, c4<z>; HiZ drive
v000001f3f42a6530_0 .net "S", 0 0, o000001f3f42577f8;  0 drivers
E_000001f3f421c130 .event posedge, v000001f3f42a6530_0, v000001f3f42a5c70_0;
S_000001f3f4247340 .scope module, "SB_DFFSR" "SB_DFFSR" 3 350;
 .timescale -12 -12;
    .port_info 0 /OUTPUT 1 "Q";
    .port_info 1 /INPUT 1 "C";
    .port_info 2 /INPUT 1 "R";
    .port_info 3 /INPUT 1 "D";
o000001f3f42578e8 .functor BUFZ 1, c4<z>; HiZ drive
v000001f3f42a6710_0 .net "C", 0 0, o000001f3f42578e8;  0 drivers
o000001f3f4257918 .functor BUFZ 1, c4<z>; HiZ drive
v000001f3f42a5590_0 .net "D", 0 0, o000001f3f4257918;  0 drivers
v000001f3f42a68f0_0 .var "Q", 0 0;
o000001f3f4257978 .functor BUFZ 1, c4<z>; HiZ drive
v000001f3f42a5d10_0 .net "R", 0 0, o000001f3f4257978;  0 drivers
E_000001f3f421b7b0 .event posedge, v000001f3f42a6710_0;
S_000001f3f42474d0 .scope module, "SB_DFFSS" "SB_DFFSS" 3 471;
 .timescale -12 -12;
    .port_info 0 /OUTPUT 1 "Q";
    .port_info 1 /INPUT 1 "C";
    .port_info 2 /INPUT 1 "S";
    .port_info 3 /INPUT 1 "D";
o000001f3f4257a68 .functor BUFZ 1, c4<z>; HiZ drive
v000001f3f42a6170_0 .net "C", 0 0, o000001f3f4257a68;  0 drivers
o000001f3f4257a98 .functor BUFZ 1, c4<z>; HiZ drive
v000001f3f42a6c10_0 .net "D", 0 0, o000001f3f4257a98;  0 drivers
v000001f3f42a5a90_0 .var "Q", 0 0;
o000001f3f4257af8 .functor BUFZ 1, c4<z>; HiZ drive
v000001f3f42a56d0_0 .net "S", 0 0, o000001f3f4257af8;  0 drivers
E_000001f3f421b530 .event posedge, v000001f3f42a6170_0;
S_000001f3f4248800 .scope module, "SB_FILTER_50NS" "SB_FILTER_50NS" 3 2856;
 .timescale -12 -12;
    .port_info 0 /INPUT 1 "FILTERIN";
    .port_info 1 /OUTPUT 1 "FILTEROUT";
o000001f3f4257be8 .functor BUFZ 1, c4<z>; HiZ drive
v000001f3f42a5630_0 .net "FILTERIN", 0 0, o000001f3f4257be8;  0 drivers
o000001f3f4257c18 .functor BUFZ 1, c4<z>; HiZ drive
v000001f3f42a5db0_0 .net "FILTEROUT", 0 0, o000001f3f4257c18;  0 drivers
S_000001f3f4249ac0 .scope module, "SB_GB" "SB_GB" 3 162;
 .timescale -12 -12;
    .port_info 0 /INPUT 1 "USER_SIGNAL_TO_GLOBAL_BUFFER";
    .port_info 1 /OUTPUT 1 "GLOBAL_BUFFER_OUTPUT";
o000001f3f4257cd8 .functor BUFZ 1, c4<z>; HiZ drive
L_000001f3f41f3250 .functor BUFZ 1, o000001f3f4257cd8, C4<0>, C4<0>, C4<0>;
v000001f3f42a6210_0 .net "GLOBAL_BUFFER_OUTPUT", 0 0, L_000001f3f41f3250;  1 drivers
v000001f3f42a5e50_0 .net "USER_SIGNAL_TO_GLOBAL_BUFFER", 0 0, o000001f3f4257cd8;  0 drivers
S_000001f3f4248fd0 .scope module, "SB_GB_IO" "SB_GB_IO" 3 123;
 .timescale -12 -12;
    .port_info 0 /INOUT 1 "PACKAGE_PIN";
    .port_info 1 /OUTPUT 1 "GLOBAL_BUFFER_OUTPUT";
    .port_info 2 /INPUT 1 "LATCH_INPUT_VALUE";
    .port_info 3 /INPUT 1 "CLOCK_ENABLE";
    .port_info 4 /INPUT 1 "INPUT_CLK";
    .port_info 5 /INPUT 1 "OUTPUT_CLK";
    .port_info 6 /INPUT 1 "OUTPUT_ENABLE";
    .port_info 7 /INPUT 1 "D_OUT_0";
    .port_info 8 /INPUT 1 "D_OUT_1";
    .port_info 9 /OUTPUT 1 "D_IN_0";
    .port_info 10 /OUTPUT 1 "D_IN_1";
P_000001f3f4243e70 .param/str "IO_STANDARD" 0 3 139, "SB_LVCMOS";
P_000001f3f4243ea8 .param/l "NEG_TRIGGER" 0 3 138, C4<0>;
P_000001f3f4243ee0 .param/l "PIN_TYPE" 0 3 136, C4<000000>;
P_000001f3f4243f18 .param/l "PULLUP" 0 3 137, C4<0>;
o000001f3f4257f18 .functor BUFZ 1, c4<z>; HiZ drive
L_000001f3f41f32c0 .functor BUFZ 1, o000001f3f4257f18, C4<0>, C4<0>, C4<0>;
o000001f3f4257d68 .functor BUFZ 1, c4<z>; HiZ drive
v000001f3f42a9460_0 .net "CLOCK_ENABLE", 0 0, o000001f3f4257d68;  0 drivers
v000001f3f42a77a0_0 .net "D_IN_0", 0 0, L_000001f3f41bd990;  1 drivers
v000001f3f42a86a0_0 .net "D_IN_1", 0 0, L_000001f3f41be2c0;  1 drivers
o000001f3f4257df8 .functor BUFZ 1, c4<z>; HiZ drive
v000001f3f42a82e0_0 .net "D_OUT_0", 0 0, o000001f3f4257df8;  0 drivers
o000001f3f4257e28 .functor BUFZ 1, c4<z>; HiZ drive
v000001f3f42a8100_0 .net "D_OUT_1", 0 0, o000001f3f4257e28;  0 drivers
v000001f3f42a9500_0 .net "GLOBAL_BUFFER_OUTPUT", 0 0, L_000001f3f41f32c0;  1 drivers
o000001f3f4257e58 .functor BUFZ 1, c4<z>; HiZ drive
v000001f3f42a93c0_0 .net "INPUT_CLK", 0 0, o000001f3f4257e58;  0 drivers
o000001f3f4257e88 .functor BUFZ 1, c4<z>; HiZ drive
v000001f3f42a8420_0 .net "LATCH_INPUT_VALUE", 0 0, o000001f3f4257e88;  0 drivers
o000001f3f4257eb8 .functor BUFZ 1, c4<z>; HiZ drive
v000001f3f42a8560_0 .net "OUTPUT_CLK", 0 0, o000001f3f4257eb8;  0 drivers
o000001f3f4257ee8 .functor BUFZ 1, c4<z>; HiZ drive
v000001f3f42a81a0_0 .net "OUTPUT_ENABLE", 0 0, o000001f3f4257ee8;  0 drivers
v000001f3f42a8740_0 .net "PACKAGE_PIN", 0 0, o000001f3f4257f18;  0 drivers
S_000001f3f42516b0 .scope module, "IO" "SB_IO" 3 148, 3 17 0, S_000001f3f4248fd0;
 .timescale -12 -12;
    .port_info 0 /INOUT 1 "PACKAGE_PIN";
    .port_info 1 /INPUT 1 "LATCH_INPUT_VALUE";
    .port_info 2 /INPUT 1 "CLOCK_ENABLE";
    .port_info 3 /INPUT 1 "INPUT_CLK";
    .port_info 4 /INPUT 1 "OUTPUT_CLK";
    .port_info 5 /INPUT 1 "OUTPUT_ENABLE";
    .port_info 6 /INPUT 1 "D_OUT_0";
    .port_info 7 /INPUT 1 "D_OUT_1";
    .port_info 8 /OUTPUT 1 "D_IN_0";
    .port_info 9 /OUTPUT 1 "D_IN_1";
P_000001f3f424ee20 .param/str "IO_STANDARD" 0 3 32, "SB_LVCMOS";
P_000001f3f424ee58 .param/l "NEG_TRIGGER" 0 3 31, C4<0>;
P_000001f3f424ee90 .param/l "PIN_TYPE" 0 3 29, C4<000000>;
P_000001f3f424eec8 .param/l "PULLUP" 0 3 30, C4<0>;
L_000001f3f41f2fb0 .functor OR 1, o000001f3f4257d68, L_000001f3f432fbd0, C4<0>, C4<0>;
L_000001f3f41bd990 .functor BUFZ 1, v000001f3f42a7840_0, C4<0>, C4<0>, C4<0>;
L_000001f3f41be2c0 .functor BUFZ 1, v000001f3f42a7fc0_0, C4<0>, C4<0>, C4<0>;
v000001f3f42a6b70_0 .net "CLOCK_ENABLE", 0 0, o000001f3f4257d68;  alias, 0 drivers
v000001f3f42a62b0_0 .net "D_IN_0", 0 0, L_000001f3f41bd990;  alias, 1 drivers
v000001f3f42a5b30_0 .net "D_IN_1", 0 0, L_000001f3f41be2c0;  alias, 1 drivers
v000001f3f42a58b0_0 .net "D_OUT_0", 0 0, o000001f3f4257df8;  alias, 0 drivers
v000001f3f42a5770_0 .net "D_OUT_1", 0 0, o000001f3f4257e28;  alias, 0 drivers
v000001f3f42a63f0_0 .net "INPUT_CLK", 0 0, o000001f3f4257e58;  alias, 0 drivers
v000001f3f42a5810_0 .net "LATCH_INPUT_VALUE", 0 0, o000001f3f4257e88;  alias, 0 drivers
v000001f3f42a5ef0_0 .net "OUTPUT_CLK", 0 0, o000001f3f4257eb8;  alias, 0 drivers
v000001f3f42a5950_0 .net "OUTPUT_ENABLE", 0 0, o000001f3f4257ee8;  alias, 0 drivers
v000001f3f42a59f0_0 .net "PACKAGE_PIN", 0 0, o000001f3f4257f18;  alias, 0 drivers
o000001f3f4257f48 .functor BUFZ 1, c4<z>; HiZ drive
; Elide local net with no drivers, v000001f3f42a5f90_0 name=_ivl_0
v000001f3f42a6030_0 .net *"_ivl_2", 0 0, L_000001f3f432fbd0;  1 drivers
v000001f3f42a8ec0_0 .net "clken_pulled", 0 0, L_000001f3f41f2fb0;  1 drivers
v000001f3f42a8600_0 .var "clken_pulled_ri", 0 0;
v000001f3f42a89c0_0 .var "clken_pulled_ro", 0 0;
v000001f3f42a7840_0 .var "din_0", 0 0;
v000001f3f42a7fc0_0 .var "din_1", 0 0;
v000001f3f42a8d80_0 .var "din_q_0", 0 0;
v000001f3f42a90a0_0 .var "din_q_1", 0 0;
v000001f3f42a8ba0_0 .var "dout", 0 0;
v000001f3f42a9140_0 .var "dout_q_0", 0 0;
v000001f3f42a7700_0 .var "dout_q_1", 0 0;
v000001f3f42a8e20_0 .var "outclk_delayed_1", 0 0;
v000001f3f42a9000_0 .var "outclk_delayed_2", 0 0;
v000001f3f42a8b00_0 .var "outena_q", 0 0;
E_000001f3f421bb70 .event anyedge, v000001f3f42a9000_0, v000001f3f42a9140_0, v000001f3f42a7700_0;
E_000001f3f421bdb0 .event anyedge, v000001f3f42a8e20_0;
E_000001f3f421b6f0 .event anyedge, v000001f3f42a5ef0_0;
E_000001f3f421c370 .event anyedge, v000001f3f42a8d80_0, v000001f3f42a90a0_0;
L_000001f3f432fbd0 .cmp/eeq 1, o000001f3f4257d68, o000001f3f4257f48;
S_000001f3f42519d0 .scope generate, "genblk1" "genblk1" 3 45, 3 45 0, S_000001f3f42516b0;
 .timescale -12 -12;
E_000001f3f421b4b0 .event posedge, v000001f3f42a5ef0_0;
E_000001f3f421ba30 .event negedge, v000001f3f42a5ef0_0;
E_000001f3f421bf30 .event negedge, v000001f3f42a63f0_0;
E_000001f3f421bdf0 .event posedge, v000001f3f42a63f0_0;
S_000001f3f42497a0 .scope module, "SB_HFOSC" "SB_HFOSC" 3 2664;
 .timescale -12 -12;
    .port_info 0 /INPUT 1 "TRIM0";
    .port_info 1 /INPUT 1 "TRIM1";
    .port_info 2 /INPUT 1 "TRIM2";
    .port_info 3 /INPUT 1 "TRIM3";
    .port_info 4 /INPUT 1 "TRIM4";
    .port_info 5 /INPUT 1 "TRIM5";
    .port_info 6 /INPUT 1 "TRIM6";
    .port_info 7 /INPUT 1 "TRIM7";
    .port_info 8 /INPUT 1 "TRIM8";
    .port_info 9 /INPUT 1 "TRIM9";
    .port_info 10 /INPUT 1 "CLKHFPU";
    .port_info 11 /INPUT 1 "CLKHFEN";
    .port_info 12 /OUTPUT 1 "CLKHF";
P_000001f3f4055980 .param/str "CLKHF_DIV" 0 3 2680, "0b00";
P_000001f3f40559b8 .param/str "TRIM_EN" 0 3 2679, "0b0";
o000001f3f4258638 .functor BUFZ 1, c4<z>; HiZ drive
v000001f3f42a8f60_0 .net "CLKHF", 0 0, o000001f3f4258638;  0 drivers
o000001f3f4258668 .functor BUFZ 1, c4<z>; HiZ drive
v000001f3f42a91e0_0 .net "CLKHFEN", 0 0, o000001f3f4258668;  0 drivers
o000001f3f4258698 .functor BUFZ 1, c4<z>; HiZ drive
v000001f3f42a87e0_0 .net "CLKHFPU", 0 0, o000001f3f4258698;  0 drivers
o000001f3f42586c8 .functor BUFZ 1, c4<z>; HiZ drive
v000001f3f42a70c0_0 .net "TRIM0", 0 0, o000001f3f42586c8;  0 drivers
o000001f3f42586f8 .functor BUFZ 1, c4<z>; HiZ drive
v000001f3f42a8ce0_0 .net "TRIM1", 0 0, o000001f3f42586f8;  0 drivers
o000001f3f4258728 .functor BUFZ 1, c4<z>; HiZ drive
v000001f3f42a8920_0 .net "TRIM2", 0 0, o000001f3f4258728;  0 drivers
o000001f3f4258758 .functor BUFZ 1, c4<z>; HiZ drive
v000001f3f42a7160_0 .net "TRIM3", 0 0, o000001f3f4258758;  0 drivers
o000001f3f4258788 .functor BUFZ 1, c4<z>; HiZ drive
v000001f3f42a8880_0 .net "TRIM4", 0 0, o000001f3f4258788;  0 drivers
o000001f3f42587b8 .functor BUFZ 1, c4<z>; HiZ drive
v000001f3f42a8a60_0 .net "TRIM5", 0 0, o000001f3f42587b8;  0 drivers
o000001f3f42587e8 .functor BUFZ 1, c4<z>; HiZ drive
v000001f3f42a7a20_0 .net "TRIM6", 0 0, o000001f3f42587e8;  0 drivers
o000001f3f4258818 .functor BUFZ 1, c4<z>; HiZ drive
v000001f3f42a9280_0 .net "TRIM7", 0 0, o000001f3f4258818;  0 drivers
o000001f3f4258848 .functor BUFZ 1, c4<z>; HiZ drive
v000001f3f42a7660_0 .net "TRIM8", 0 0, o000001f3f4258848;  0 drivers
o000001f3f4258878 .functor BUFZ 1, c4<z>; HiZ drive
v000001f3f42a9320_0 .net "TRIM9", 0 0, o000001f3f4258878;  0 drivers
S_000001f3f42492f0 .scope module, "SB_I2C" "SB_I2C" 3 2733;
 .timescale -12 -12;
    .port_info 0 /INPUT 1 "SBCLKI";
    .port_info 1 /INPUT 1 "SBRWI";
    .port_info 2 /INPUT 1 "SBSTBI";
    .port_info 3 /INPUT 1 "SBADRI7";
    .port_info 4 /INPUT 1 "SBADRI6";
    .port_info 5 /INPUT 1 "SBADRI5";
    .port_info 6 /INPUT 1 "SBADRI4";
    .port_info 7 /INPUT 1 "SBADRI3";
    .port_info 8 /INPUT 1 "SBADRI2";
    .port_info 9 /INPUT 1 "SBADRI1";
    .port_info 10 /INPUT 1 "SBADRI0";
    .port_info 11 /INPUT 1 "SBDATI7";
    .port_info 12 /INPUT 1 "SBDATI6";
    .port_info 13 /INPUT 1 "SBDATI5";
    .port_info 14 /INPUT 1 "SBDATI4";
    .port_info 15 /INPUT 1 "SBDATI3";
    .port_info 16 /INPUT 1 "SBDATI2";
    .port_info 17 /INPUT 1 "SBDATI1";
    .port_info 18 /INPUT 1 "SBDATI0";
    .port_info 19 /INPUT 1 "SCLI";
    .port_info 20 /INPUT 1 "SDAI";
    .port_info 21 /OUTPUT 1 "SBDATO7";
    .port_info 22 /OUTPUT 1 "SBDATO6";
    .port_info 23 /OUTPUT 1 "SBDATO5";
    .port_info 24 /OUTPUT 1 "SBDATO4";
    .port_info 25 /OUTPUT 1 "SBDATO3";
    .port_info 26 /OUTPUT 1 "SBDATO2";
    .port_info 27 /OUTPUT 1 "SBDATO1";
    .port_info 28 /OUTPUT 1 "SBDATO0";
    .port_info 29 /OUTPUT 1 "SBACKO";
    .port_info 30 /OUTPUT 1 "I2CIRQ";
    .port_info 31 /OUTPUT 1 "I2CWKUP";
    .port_info 32 /OUTPUT 1 "SCLO";
    .port_info 33 /OUTPUT 1 "SCLOE";
    .port_info 34 /OUTPUT 1 "SDAO";
    .port_info 35 /OUTPUT 1 "SDAOE";
P_000001f3f4056180 .param/str "BUS_ADDR74" 0 3 2772, "0b0001";
P_000001f3f40561b8 .param/str "I2C_SLAVE_INIT_ADDR" 0 3 2771, "0b1111100001";
o000001f3f4258b18 .functor BUFZ 1, c4<z>; HiZ drive
v000001f3f42a8c40_0 .net "I2CIRQ", 0 0, o000001f3f4258b18;  0 drivers
o000001f3f4258b48 .functor BUFZ 1, c4<z>; HiZ drive
v000001f3f42a6da0_0 .net "I2CWKUP", 0 0, o000001f3f4258b48;  0 drivers
o000001f3f4258b78 .functor BUFZ 1, c4<z>; HiZ drive
v000001f3f42a7980_0 .net "SBACKO", 0 0, o000001f3f4258b78;  0 drivers
o000001f3f4258ba8 .functor BUFZ 1, c4<z>; HiZ drive
v000001f3f42a7ac0_0 .net "SBADRI0", 0 0, o000001f3f4258ba8;  0 drivers
o000001f3f4258bd8 .functor BUFZ 1, c4<z>; HiZ drive
v000001f3f42a7de0_0 .net "SBADRI1", 0 0, o000001f3f4258bd8;  0 drivers
o000001f3f4258c08 .functor BUFZ 1, c4<z>; HiZ drive
v000001f3f42a7480_0 .net "SBADRI2", 0 0, o000001f3f4258c08;  0 drivers
o000001f3f4258c38 .functor BUFZ 1, c4<z>; HiZ drive
v000001f3f42a7e80_0 .net "SBADRI3", 0 0, o000001f3f4258c38;  0 drivers
o000001f3f4258c68 .functor BUFZ 1, c4<z>; HiZ drive
v000001f3f42a7b60_0 .net "SBADRI4", 0 0, o000001f3f4258c68;  0 drivers
o000001f3f4258c98 .functor BUFZ 1, c4<z>; HiZ drive
v000001f3f42a7c00_0 .net "SBADRI5", 0 0, o000001f3f4258c98;  0 drivers
o000001f3f4258cc8 .functor BUFZ 1, c4<z>; HiZ drive
v000001f3f42a6e40_0 .net "SBADRI6", 0 0, o000001f3f4258cc8;  0 drivers
o000001f3f4258cf8 .functor BUFZ 1, c4<z>; HiZ drive
v000001f3f42a7f20_0 .net "SBADRI7", 0 0, o000001f3f4258cf8;  0 drivers
o000001f3f4258d28 .functor BUFZ 1, c4<z>; HiZ drive
v000001f3f42a6ee0_0 .net "SBCLKI", 0 0, o000001f3f4258d28;  0 drivers
o000001f3f4258d58 .functor BUFZ 1, c4<z>; HiZ drive
v000001f3f42a6f80_0 .net "SBDATI0", 0 0, o000001f3f4258d58;  0 drivers
o000001f3f4258d88 .functor BUFZ 1, c4<z>; HiZ drive
v000001f3f42a7020_0 .net "SBDATI1", 0 0, o000001f3f4258d88;  0 drivers
o000001f3f4258db8 .functor BUFZ 1, c4<z>; HiZ drive
v000001f3f42a8060_0 .net "SBDATI2", 0 0, o000001f3f4258db8;  0 drivers
o000001f3f4258de8 .functor BUFZ 1, c4<z>; HiZ drive
v000001f3f42a7340_0 .net "SBDATI3", 0 0, o000001f3f4258de8;  0 drivers
o000001f3f4258e18 .functor BUFZ 1, c4<z>; HiZ drive
v000001f3f42a7200_0 .net "SBDATI4", 0 0, o000001f3f4258e18;  0 drivers
o000001f3f4258e48 .functor BUFZ 1, c4<z>; HiZ drive
v000001f3f42a72a0_0 .net "SBDATI5", 0 0, o000001f3f4258e48;  0 drivers
o000001f3f4258e78 .functor BUFZ 1, c4<z>; HiZ drive
v000001f3f42a73e0_0 .net "SBDATI6", 0 0, o000001f3f4258e78;  0 drivers
o000001f3f4258ea8 .functor BUFZ 1, c4<z>; HiZ drive
v000001f3f42a7520_0 .net "SBDATI7", 0 0, o000001f3f4258ea8;  0 drivers
o000001f3f4258ed8 .functor BUFZ 1, c4<z>; HiZ drive
v000001f3f42a78e0_0 .net "SBDATO0", 0 0, o000001f3f4258ed8;  0 drivers
o000001f3f4258f08 .functor BUFZ 1, c4<z>; HiZ drive
v000001f3f42a84c0_0 .net "SBDATO1", 0 0, o000001f3f4258f08;  0 drivers
o000001f3f4258f38 .functor BUFZ 1, c4<z>; HiZ drive
v000001f3f42a75c0_0 .net "SBDATO2", 0 0, o000001f3f4258f38;  0 drivers
o000001f3f4258f68 .functor BUFZ 1, c4<z>; HiZ drive
v000001f3f42a7ca0_0 .net "SBDATO3", 0 0, o000001f3f4258f68;  0 drivers
o000001f3f4258f98 .functor BUFZ 1, c4<z>; HiZ drive
v000001f3f42a7d40_0 .net "SBDATO4", 0 0, o000001f3f4258f98;  0 drivers
o000001f3f4258fc8 .functor BUFZ 1, c4<z>; HiZ drive
v000001f3f42a8240_0 .net "SBDATO5", 0 0, o000001f3f4258fc8;  0 drivers
o000001f3f4258ff8 .functor BUFZ 1, c4<z>; HiZ drive
v000001f3f42a8380_0 .net "SBDATO6", 0 0, o000001f3f4258ff8;  0 drivers
o000001f3f4259028 .functor BUFZ 1, c4<z>; HiZ drive
v000001f3f42a9820_0 .net "SBDATO7", 0 0, o000001f3f4259028;  0 drivers
o000001f3f4259058 .functor BUFZ 1, c4<z>; HiZ drive
v000001f3f42a9a00_0 .net "SBRWI", 0 0, o000001f3f4259058;  0 drivers
o000001f3f4259088 .functor BUFZ 1, c4<z>; HiZ drive
v000001f3f42aa540_0 .net "SBSTBI", 0 0, o000001f3f4259088;  0 drivers
o000001f3f42590b8 .functor BUFZ 1, c4<z>; HiZ drive
v000001f3f42aa2c0_0 .net "SCLI", 0 0, o000001f3f42590b8;  0 drivers
o000001f3f42590e8 .functor BUFZ 1, c4<z>; HiZ drive
v000001f3f42aa860_0 .net "SCLO", 0 0, o000001f3f42590e8;  0 drivers
o000001f3f4259118 .functor BUFZ 1, c4<z>; HiZ drive
v000001f3f42aa7c0_0 .net "SCLOE", 0 0, o000001f3f4259118;  0 drivers
o000001f3f4259148 .functor BUFZ 1, c4<z>; HiZ drive
v000001f3f42aab80_0 .net "SDAI", 0 0, o000001f3f4259148;  0 drivers
o000001f3f4259178 .functor BUFZ 1, c4<z>; HiZ drive
v000001f3f42aa220_0 .net "SDAO", 0 0, o000001f3f4259178;  0 drivers
o000001f3f42591a8 .functor BUFZ 1, c4<z>; HiZ drive
v000001f3f42aa4a0_0 .net "SDAOE", 0 0, o000001f3f42591a8;  0 drivers
S_000001f3f4249610 .scope module, "SB_IO_I3C" "SB_IO_I3C" 3 2862;
 .timescale -12 -12;
    .port_info 0 /INOUT 1 "PACKAGE_PIN";
    .port_info 1 /INPUT 1 "LATCH_INPUT_VALUE";
    .port_info 2 /INPUT 1 "CLOCK_ENABLE";
    .port_info 3 /INPUT 1 "INPUT_CLK";
    .port_info 4 /INPUT 1 "OUTPUT_CLK";
    .port_info 5 /INPUT 1 "OUTPUT_ENABLE";
    .port_info 6 /INPUT 1 "D_OUT_0";
    .port_info 7 /INPUT 1 "D_OUT_1";
    .port_info 8 /OUTPUT 1 "D_IN_0";
    .port_info 9 /OUTPUT 1 "D_IN_1";
    .port_info 10 /INPUT 1 "PU_ENB";
    .port_info 11 /INPUT 1 "WEAK_PU_ENB";
P_000001f3f3fb8130 .param/str "IO_STANDARD" 0 3 2880, "SB_LVCMOS";
P_000001f3f3fb8168 .param/l "NEG_TRIGGER" 0 3 2879, C4<0>;
P_000001f3f3fb81a0 .param/l "PIN_TYPE" 0 3 2876, C4<000000>;
P_000001f3f3fb81d8 .param/l "PULLUP" 0 3 2877, C4<0>;
P_000001f3f3fb8210 .param/l "WEAK_PULLUP" 0 3 2878, C4<0>;
L_000001f3f41be4f0 .functor BUFZ 1, v000001f3f42aa720_0, C4<0>, C4<0>, C4<0>;
L_000001f3f41bd530 .functor BUFZ 1, v000001f3f42a9b40_0, C4<0>, C4<0>, C4<0>;
o000001f3f4259898 .functor BUFZ 1, c4<z>; HiZ drive
v000001f3f42a98c0_0 .net "CLOCK_ENABLE", 0 0, o000001f3f4259898;  0 drivers
v000001f3f42a9fa0_0 .net "D_IN_0", 0 0, L_000001f3f41be4f0;  1 drivers
v000001f3f42a9dc0_0 .net "D_IN_1", 0 0, L_000001f3f41bd530;  1 drivers
o000001f3f4259928 .functor BUFZ 1, c4<z>; HiZ drive
v000001f3f42a95a0_0 .net "D_OUT_0", 0 0, o000001f3f4259928;  0 drivers
o000001f3f4259958 .functor BUFZ 1, c4<z>; HiZ drive
v000001f3f42aa0e0_0 .net "D_OUT_1", 0 0, o000001f3f4259958;  0 drivers
o000001f3f4259988 .functor BUFZ 1, c4<z>; HiZ drive
v000001f3f42a9640_0 .net "INPUT_CLK", 0 0, o000001f3f4259988;  0 drivers
o000001f3f42599b8 .functor BUFZ 1, c4<z>; HiZ drive
v000001f3f42a9960_0 .net "LATCH_INPUT_VALUE", 0 0, o000001f3f42599b8;  0 drivers
o000001f3f42599e8 .functor BUFZ 1, c4<z>; HiZ drive
v000001f3f42a96e0_0 .net "OUTPUT_CLK", 0 0, o000001f3f42599e8;  0 drivers
o000001f3f4259a18 .functor BUFZ 1, c4<z>; HiZ drive
v000001f3f42aaae0_0 .net "OUTPUT_ENABLE", 0 0, o000001f3f4259a18;  0 drivers
o000001f3f4259a48 .functor BUFZ 1, c4<z>; HiZ drive
v000001f3f42aa360_0 .net "PACKAGE_PIN", 0 0, o000001f3f4259a48;  0 drivers
o000001f3f4259a78 .functor BUFZ 1, c4<z>; HiZ drive
v000001f3f42a9aa0_0 .net "PU_ENB", 0 0, o000001f3f4259a78;  0 drivers
o000001f3f4259aa8 .functor BUFZ 1, c4<z>; HiZ drive
v000001f3f42a9be0_0 .net "WEAK_PU_ENB", 0 0, o000001f3f4259aa8;  0 drivers
v000001f3f42aa720_0 .var "din_0", 0 0;
v000001f3f42a9b40_0 .var "din_1", 0 0;
v000001f3f42a9780_0 .var "din_q_0", 0 0;
v000001f3f42a9c80_0 .var "din_q_1", 0 0;
v000001f3f42a9d20_0 .var "dout", 0 0;
v000001f3f42aa400_0 .var "dout_q_0", 0 0;
v000001f3f42a9e60_0 .var "dout_q_1", 0 0;
v000001f3f42aac20_0 .var "outclk_delayed_1", 0 0;
v000001f3f42a9f00_0 .var "outclk_delayed_2", 0 0;
v000001f3f42aa040_0 .var "outena_q", 0 0;
E_000001f3f421c3b0 .event anyedge, v000001f3f42a9f00_0, v000001f3f42aa400_0, v000001f3f42a9e60_0;
E_000001f3f421bc30 .event anyedge, v000001f3f42aac20_0;
E_000001f3f421b4f0 .event anyedge, v000001f3f42a96e0_0;
E_000001f3f421ba70 .event anyedge, v000001f3f42a9780_0, v000001f3f42a9c80_0;
S_000001f3f4251cf0 .scope generate, "genblk1" "genblk1" 3 2888, 3 2888 0, S_000001f3f4249610;
 .timescale -12 -12;
E_000001f3f421be30 .event posedge, v000001f3f42a96e0_0;
E_000001f3f421c230 .event negedge, v000001f3f42a96e0_0;
E_000001f3f421bcf0 .event negedge, v000001f3f42a9640_0;
E_000001f3f421b7f0 .event posedge, v000001f3f42a9640_0;
S_000001f3f4248990 .scope module, "SB_IO_OD" "SB_IO_OD" 3 2931;
 .timescale -12 -12;
    .port_info 0 /INOUT 1 "PACKAGEPIN";
    .port_info 1 /INPUT 1 "LATCHINPUTVALUE";
    .port_info 2 /INPUT 1 "CLOCKENABLE";
    .port_info 3 /INPUT 1 "INPUTCLK";
    .port_info 4 /INPUT 1 "OUTPUTCLK";
    .port_info 5 /INPUT 1 "OUTPUTENABLE";
    .port_info 6 /INPUT 1 "DOUT1";
    .port_info 7 /INPUT 1 "DOUT0";
    .port_info 8 /OUTPUT 1 "DIN1";
    .port_info 9 /OUTPUT 1 "DIN0";
P_000001f3f4055a00 .param/l "NEG_TRIGGER" 0 3 2944, C4<0>;
P_000001f3f4055a38 .param/l "PIN_TYPE" 0 3 2943, C4<000000>;
L_000001f3f41be720 .functor BUFZ 1, v000001f3f42ab560_0, C4<0>, C4<0>, C4<0>;
L_000001f3f41bd6f0 .functor BUFZ 1, v000001f3f42aba60_0, C4<0>, C4<0>, C4<0>;
o000001f3f4259ef8 .functor BUFZ 1, c4<z>; HiZ drive
v000001f3f42aa180_0 .net "CLOCKENABLE", 0 0, o000001f3f4259ef8;  0 drivers
v000001f3f42aa5e0_0 .net "DIN0", 0 0, L_000001f3f41be720;  1 drivers
v000001f3f42aa680_0 .net "DIN1", 0 0, L_000001f3f41bd6f0;  1 drivers
o000001f3f4259f88 .functor BUFZ 1, c4<z>; HiZ drive
v000001f3f42aa900_0 .net "DOUT0", 0 0, o000001f3f4259f88;  0 drivers
o000001f3f4259fb8 .functor BUFZ 1, c4<z>; HiZ drive
v000001f3f42aa9a0_0 .net "DOUT1", 0 0, o000001f3f4259fb8;  0 drivers
o000001f3f4259fe8 .functor BUFZ 1, c4<z>; HiZ drive
v000001f3f42aaa40_0 .net "INPUTCLK", 0 0, o000001f3f4259fe8;  0 drivers
o000001f3f425a018 .functor BUFZ 1, c4<z>; HiZ drive
v000001f3f42ad220_0 .net "LATCHINPUTVALUE", 0 0, o000001f3f425a018;  0 drivers
o000001f3f425a048 .functor BUFZ 1, c4<z>; HiZ drive
v000001f3f42abec0_0 .net "OUTPUTCLK", 0 0, o000001f3f425a048;  0 drivers
o000001f3f425a078 .functor BUFZ 1, c4<z>; HiZ drive
v000001f3f42ab4c0_0 .net "OUTPUTENABLE", 0 0, o000001f3f425a078;  0 drivers
o000001f3f425a0a8 .functor BUFZ 1, c4<z>; HiZ drive
v000001f3f42abba0_0 .net "PACKAGEPIN", 0 0, o000001f3f425a0a8;  0 drivers
v000001f3f42ab560_0 .var "din_0", 0 0;
v000001f3f42aba60_0 .var "din_1", 0 0;
v000001f3f42ac1e0_0 .var "din_q_0", 0 0;
v000001f3f42ad680_0 .var "din_q_1", 0 0;
v000001f3f42ac460_0 .var "dout", 0 0;
v000001f3f42ad360_0 .var "dout_q_0", 0 0;
v000001f3f42ab600_0 .var "dout_q_1", 0 0;
v000001f3f42ab920_0 .var "outclk_delayed_1", 0 0;
v000001f3f42acfa0_0 .var "outclk_delayed_2", 0 0;
v000001f3f42ad2c0_0 .var "outena_q", 0 0;
E_000001f3f421c270 .event anyedge, v000001f3f42acfa0_0, v000001f3f42ad360_0, v000001f3f42ab600_0;
E_000001f3f421b9f0 .event anyedge, v000001f3f42ab920_0;
E_000001f3f421bab0 .event anyedge, v000001f3f42abec0_0;
E_000001f3f421c3f0 .event anyedge, v000001f3f42ac1e0_0, v000001f3f42ad680_0;
S_000001f3f4250d50 .scope generate, "genblk1" "genblk1" 3 2952, 3 2952 0, S_000001f3f4248990;
 .timescale -12 -12;
E_000001f3f421be70 .event posedge, v000001f3f42abec0_0;
E_000001f3f421c430 .event negedge, v000001f3f42abec0_0;
E_000001f3f421b630 .event negedge, v000001f3f42aaa40_0;
E_000001f3f421bd30 .event posedge, v000001f3f42aaa40_0;
S_000001f3f4249930 .scope module, "SB_LEDDA_IP" "SB_LEDDA_IP" 3 2830;
 .timescale -12 -12;
    .port_info 0 /INPUT 1 "LEDDCS";
    .port_info 1 /INPUT 1 "LEDDCLK";
    .port_info 2 /INPUT 1 "LEDDDAT7";
    .port_info 3 /INPUT 1 "LEDDDAT6";
    .port_info 4 /INPUT 1 "LEDDDAT5";
    .port_info 5 /INPUT 1 "LEDDDAT4";
    .port_info 6 /INPUT 1 "LEDDDAT3";
    .port_info 7 /INPUT 1 "LEDDDAT2";
    .port_info 8 /INPUT 1 "LEDDDAT1";
    .port_info 9 /INPUT 1 "LEDDDAT0";
    .port_info 10 /INPUT 1 "LEDDADDR3";
    .port_info 11 /INPUT 1 "LEDDADDR2";
    .port_info 12 /INPUT 1 "LEDDADDR1";
    .port_info 13 /INPUT 1 "LEDDADDR0";
    .port_info 14 /INPUT 1 "LEDDDEN";
    .port_info 15 /INPUT 1 "LEDDEXE";
    .port_info 16 /INPUT 1 "LEDDRST";
    .port_info 17 /OUTPUT 1 "PWMOUT0";
    .port_info 18 /OUTPUT 1 "PWMOUT1";
    .port_info 19 /OUTPUT 1 "PWMOUT2";
    .port_info 20 /OUTPUT 1 "LEDDON";
o000001f3f425a498 .functor BUFZ 1, c4<z>; HiZ drive
v000001f3f42ac780_0 .net "LEDDADDR0", 0 0, o000001f3f425a498;  0 drivers
o000001f3f425a4c8 .functor BUFZ 1, c4<z>; HiZ drive
v000001f3f42acf00_0 .net "LEDDADDR1", 0 0, o000001f3f425a4c8;  0 drivers
o000001f3f425a4f8 .functor BUFZ 1, c4<z>; HiZ drive
v000001f3f42ab9c0_0 .net "LEDDADDR2", 0 0, o000001f3f425a4f8;  0 drivers
o000001f3f425a528 .functor BUFZ 1, c4<z>; HiZ drive
v000001f3f42ac640_0 .net "LEDDADDR3", 0 0, o000001f3f425a528;  0 drivers
o000001f3f425a558 .functor BUFZ 1, c4<z>; HiZ drive
v000001f3f42ac500_0 .net "LEDDCLK", 0 0, o000001f3f425a558;  0 drivers
o000001f3f425a588 .functor BUFZ 1, c4<z>; HiZ drive
v000001f3f42ad400_0 .net "LEDDCS", 0 0, o000001f3f425a588;  0 drivers
o000001f3f425a5b8 .functor BUFZ 1, c4<z>; HiZ drive
v000001f3f42ad720_0 .net "LEDDDAT0", 0 0, o000001f3f425a5b8;  0 drivers
o000001f3f425a5e8 .functor BUFZ 1, c4<z>; HiZ drive
v000001f3f42ad5e0_0 .net "LEDDDAT1", 0 0, o000001f3f425a5e8;  0 drivers
o000001f3f425a618 .functor BUFZ 1, c4<z>; HiZ drive
v000001f3f42ac6e0_0 .net "LEDDDAT2", 0 0, o000001f3f425a618;  0 drivers
o000001f3f425a648 .functor BUFZ 1, c4<z>; HiZ drive
v000001f3f42ac5a0_0 .net "LEDDDAT3", 0 0, o000001f3f425a648;  0 drivers
o000001f3f425a678 .functor BUFZ 1, c4<z>; HiZ drive
v000001f3f42ac3c0_0 .net "LEDDDAT4", 0 0, o000001f3f425a678;  0 drivers
o000001f3f425a6a8 .functor BUFZ 1, c4<z>; HiZ drive
v000001f3f42ac8c0_0 .net "LEDDDAT5", 0 0, o000001f3f425a6a8;  0 drivers
o000001f3f425a6d8 .functor BUFZ 1, c4<z>; HiZ drive
v000001f3f42abf60_0 .net "LEDDDAT6", 0 0, o000001f3f425a6d8;  0 drivers
o000001f3f425a708 .functor BUFZ 1, c4<z>; HiZ drive
v000001f3f42ac820_0 .net "LEDDDAT7", 0 0, o000001f3f425a708;  0 drivers
o000001f3f425a738 .functor BUFZ 1, c4<z>; HiZ drive
v000001f3f42ab6a0_0 .net "LEDDDEN", 0 0, o000001f3f425a738;  0 drivers
o000001f3f425a768 .functor BUFZ 1, c4<z>; HiZ drive
v000001f3f42acc80_0 .net "LEDDEXE", 0 0, o000001f3f425a768;  0 drivers
o000001f3f425a798 .functor BUFZ 1, c4<z>; HiZ drive
v000001f3f42ac960_0 .net "LEDDON", 0 0, o000001f3f425a798;  0 drivers
o000001f3f425a7c8 .functor BUFZ 1, c4<z>; HiZ drive
v000001f3f42aca00_0 .net "LEDDRST", 0 0, o000001f3f425a7c8;  0 drivers
o000001f3f425a7f8 .functor BUFZ 1, c4<z>; HiZ drive
v000001f3f42acd20_0 .net "PWMOUT0", 0 0, o000001f3f425a7f8;  0 drivers
o000001f3f425a828 .functor BUFZ 1, c4<z>; HiZ drive
v000001f3f42ad180_0 .net "PWMOUT1", 0 0, o000001f3f425a828;  0 drivers
o000001f3f425a858 .functor BUFZ 1, c4<z>; HiZ drive
v000001f3f42acaa0_0 .net "PWMOUT2", 0 0, o000001f3f425a858;  0 drivers
S_000001f3f4248e40 .scope module, "SB_LED_DRV_CUR" "SB_LED_DRV_CUR" 3 2709;
 .timescale -12 -12;
    .port_info 0 /INPUT 1 "EN";
    .port_info 1 /OUTPUT 1 "LEDPU";
o000001f3f425ac78 .functor BUFZ 1, c4<z>; HiZ drive
v000001f3f42ac000_0 .net "EN", 0 0, o000001f3f425ac78;  0 drivers
o000001f3f425aca8 .functor BUFZ 1, c4<z>; HiZ drive
v000001f3f42ab740_0 .net "LEDPU", 0 0, o000001f3f425aca8;  0 drivers
S_000001f3f42484e0 .scope module, "SB_LFOSC" "SB_LFOSC" 3 2684;
 .timescale -12 -12;
    .port_info 0 /INPUT 1 "CLKLFPU";
    .port_info 1 /INPUT 1 "CLKLFEN";
    .port_info 2 /OUTPUT 1 "CLKLF";
o000001f3f425ad38 .functor BUFZ 1, c4<z>; HiZ drive
v000001f3f42abb00_0 .net "CLKLF", 0 0, o000001f3f425ad38;  0 drivers
o000001f3f425ad68 .functor BUFZ 1, c4<z>; HiZ drive
v000001f3f42ad040_0 .net "CLKLFEN", 0 0, o000001f3f425ad68;  0 drivers
o000001f3f425ad98 .functor BUFZ 1, c4<z>; HiZ drive
v000001f3f42acdc0_0 .net "CLKLFPU", 0 0, o000001f3f425ad98;  0 drivers
S_000001f3f4249c50 .scope module, "SB_LUT4" "SB_LUT4" 3 177;
 .timescale -12 -12;
    .port_info 0 /OUTPUT 1 "O";
    .port_info 1 /INPUT 1 "I0";
    .port_info 2 /INPUT 1 "I1";
    .port_info 3 /INPUT 1 "I2";
    .port_info 4 /INPUT 1 "I3";
P_000001f3f421a830 .param/l "LUT_INIT" 0 3 184, C4<0000000000000000>;
o000001f3f425ae58 .functor BUFZ 1, c4<z>; HiZ drive
v000001f3f42abc40_0 .net "I0", 0 0, o000001f3f425ae58;  0 drivers
o000001f3f425ae88 .functor BUFZ 1, c4<z>; HiZ drive
v000001f3f42abce0_0 .net "I1", 0 0, o000001f3f425ae88;  0 drivers
o000001f3f425aeb8 .functor BUFZ 1, c4<z>; HiZ drive
v000001f3f42ab7e0_0 .net "I2", 0 0, o000001f3f425aeb8;  0 drivers
o000001f3f425aee8 .functor BUFZ 1, c4<z>; HiZ drive
v000001f3f42ac0a0_0 .net "I3", 0 0, o000001f3f425aee8;  0 drivers
v000001f3f42abd80_0 .net "O", 0 0, L_000001f3f43303f0;  1 drivers
L_000001f3f42d7460 .functor BUFT 1, C4<00000000>, C4<0>, C4<0>, C4<0>;
v000001f3f42ad4a0_0 .net/2u *"_ivl_0", 7 0, L_000001f3f42d7460;  1 drivers
v000001f3f42abe20_0 .net *"_ivl_13", 1 0, L_000001f3f432f8b0;  1 drivers
v000001f3f42ac140_0 .net *"_ivl_15", 1 0, L_000001f3f432f950;  1 drivers
v000001f3f42aafc0_0 .net *"_ivl_19", 0 0, L_000001f3f43300d0;  1 drivers
L_000001f3f42d74a8 .functor BUFT 1, C4<00000000>, C4<0>, C4<0>, C4<0>;
v000001f3f42acb40_0 .net/2u *"_ivl_2", 7 0, L_000001f3f42d74a8;  1 drivers
v000001f3f42acbe0_0 .net *"_ivl_21", 0 0, L_000001f3f432fd10;  1 drivers
v000001f3f42ad540_0 .net *"_ivl_7", 3 0, L_000001f3f432f590;  1 drivers
v000001f3f42ab380_0 .net *"_ivl_9", 3 0, L_000001f3f432f770;  1 drivers
v000001f3f42ac280_0 .net "s1", 1 0, L_000001f3f432f9f0;  1 drivers
v000001f3f42ab880_0 .net "s2", 3 0, L_000001f3f432f810;  1 drivers
v000001f3f42ace60_0 .net "s3", 7 0, L_000001f3f432fc70;  1 drivers
L_000001f3f432fc70 .functor MUXZ 8, L_000001f3f42d74a8, L_000001f3f42d7460, o000001f3f425aee8, C4<>;
L_000001f3f432f590 .part L_000001f3f432fc70, 4, 4;
L_000001f3f432f770 .part L_000001f3f432fc70, 0, 4;
L_000001f3f432f810 .functor MUXZ 4, L_000001f3f432f770, L_000001f3f432f590, o000001f3f425aeb8, C4<>;
L_000001f3f432f8b0 .part L_000001f3f432f810, 2, 2;
L_000001f3f432f950 .part L_000001f3f432f810, 0, 2;
L_000001f3f432f9f0 .functor MUXZ 2, L_000001f3f432f950, L_000001f3f432f8b0, o000001f3f425ae88, C4<>;
L_000001f3f43300d0 .part L_000001f3f432f9f0, 1, 1;
L_000001f3f432fd10 .part L_000001f3f432f9f0, 0, 1;
L_000001f3f43303f0 .functor MUXZ 1, L_000001f3f432fd10, L_000001f3f43300d0, o000001f3f425ae58, C4<>;
S_000001f3f4248b20 .scope module, "SB_MAC16" "SB_MAC16" 3 2996;
 .timescale -12 -12;
    .port_info 0 /INPUT 1 "CLK";
    .port_info 1 /INPUT 1 "CE";
    .port_info 2 /INPUT 16 "C";
    .port_info 3 /INPUT 16 "A";
    .port_info 4 /INPUT 16 "B";
    .port_info 5 /INPUT 16 "D";
    .port_info 6 /INPUT 1 "AHOLD";
    .port_info 7 /INPUT 1 "BHOLD";
    .port_info 8 /INPUT 1 "CHOLD";
    .port_info 9 /INPUT 1 "DHOLD";
    .port_info 10 /INPUT 1 "IRSTTOP";
    .port_info 11 /INPUT 1 "IRSTBOT";
    .port_info 12 /INPUT 1 "ORSTTOP";
    .port_info 13 /INPUT 1 "ORSTBOT";
    .port_info 14 /INPUT 1 "OLOADTOP";
    .port_info 15 /INPUT 1 "OLOADBOT";
    .port_info 16 /INPUT 1 "ADDSUBTOP";
    .port_info 17 /INPUT 1 "ADDSUBBOT";
    .port_info 18 /INPUT 1 "OHOLDTOP";
    .port_info 19 /INPUT 1 "OHOLDBOT";
    .port_info 20 /INPUT 1 "CI";
    .port_info 21 /INPUT 1 "ACCUMCI";
    .port_info 22 /INPUT 1 "SIGNEXTIN";
    .port_info 23 /OUTPUT 32 "O";
    .port_info 24 /OUTPUT 1 "CO";
    .port_info 25 /OUTPUT 1 "ACCUMCO";
    .port_info 26 /OUTPUT 1 "SIGNEXTOUT";
P_000001f3f3fc2510 .param/l "A_REG" 0 3 3011, C4<0>;
P_000001f3f3fc2548 .param/l "A_SIGNED" 0 3 3027, C4<0>;
P_000001f3f3fc2580 .param/l "BOTADDSUB_CARRYSELECT" 0 3 3025, C4<00>;
P_000001f3f3fc25b8 .param/l "BOTADDSUB_LOWERINPUT" 0 3 3023, C4<00>;
P_000001f3f3fc25f0 .param/l "BOTADDSUB_UPPERINPUT" 0 3 3024, C4<0>;
P_000001f3f3fc2628 .param/l "BOTOUTPUT_SELECT" 0 3 3022, C4<00>;
P_000001f3f3fc2660 .param/l "BOT_8x8_MULT_REG" 0 3 3015, C4<0>;
P_000001f3f3fc2698 .param/l "B_REG" 0 3 3012, C4<0>;
P_000001f3f3fc26d0 .param/l "B_SIGNED" 0 3 3028, C4<0>;
P_000001f3f3fc2708 .param/l "C_REG" 0 3 3010, C4<0>;
P_000001f3f3fc2740 .param/l "D_REG" 0 3 3013, C4<0>;
P_000001f3f3fc2778 .param/l "MODE_8x8" 0 3 3026, C4<0>;
P_000001f3f3fc27b0 .param/l "NEG_TRIGGER" 0 3 3009, C4<0>;
P_000001f3f3fc27e8 .param/l "PIPELINE_16x16_MULT_REG1" 0 3 3016, C4<0>;
P_000001f3f3fc2820 .param/l "PIPELINE_16x16_MULT_REG2" 0 3 3017, C4<0>;
P_000001f3f3fc2858 .param/l "TOPADDSUB_CARRYSELECT" 0 3 3021, C4<00>;
P_000001f3f3fc2890 .param/l "TOPADDSUB_LOWERINPUT" 0 3 3019, C4<00>;
P_000001f3f3fc28c8 .param/l "TOPADDSUB_UPPERINPUT" 0 3 3020, C4<0>;
P_000001f3f3fc2900 .param/l "TOPOUTPUT_SELECT" 0 3 3018, C4<00>;
P_000001f3f3fc2938 .param/l "TOP_8x8_MULT_REG" 0 3 3014, C4<0>;
o000001f3f425b548 .functor BUFZ 1, c4<z>; HiZ drive
L_000001f3f42d74f0 .functor BUFT 1, C4<0>, C4<0>, C4<0>, C4<0>;
L_000001f3f41bea30 .functor XOR 1, o000001f3f425b548, L_000001f3f42d74f0, C4<0>, C4<0>;
o000001f3f425b488 .functor BUFZ 16, c4<zzzzzzzzzzzzzzzz>; HiZ drive
L_000001f3f405e910 .functor BUFZ 16, o000001f3f425b488, C4<0000000000000000>, C4<0000000000000000>, C4<0000000000000000>;
o000001f3f425b248 .functor BUFZ 16, c4<zzzzzzzzzzzzzzzz>; HiZ drive
L_000001f3f405df70 .functor BUFZ 16, o000001f3f425b248, C4<0000000000000000>, C4<0000000000000000>, C4<0000000000000000>;
o000001f3f425b3c8 .functor BUFZ 16, c4<zzzzzzzzzzzzzzzz>; HiZ drive
L_000001f3f4030030 .functor BUFZ 16, o000001f3f425b3c8, C4<0000000000000000>, C4<0000000000000000>, C4<0000000000000000>;
o000001f3f425b5a8 .functor BUFZ 16, c4<zzzzzzzzzzzzzzzz>; HiZ drive
L_000001f3f40301f0 .functor BUFZ 16, o000001f3f425b5a8, C4<0000000000000000>, C4<0000000000000000>, C4<0000000000000000>;
L_000001f3f4338390 .functor BUFZ 16, L_000001f3f4331b10, C4<0000000000000000>, C4<0000000000000000>, C4<0000000000000000>;
L_000001f3f4337b40 .functor BUFZ 16, L_000001f3f4333b90, C4<0000000000000000>, C4<0000000000000000>, C4<0000000000000000>;
L_000001f3f4337910 .functor BUFZ 16, L_000001f3f4333c30, C4<0000000000000000>, C4<0000000000000000>, C4<0000000000000000>;
L_000001f3f4338550 .functor BUFZ 16, L_000001f3f4332d30, C4<0000000000000000>, C4<0000000000000000>, C4<0000000000000000>;
L_000001f3f43388d0 .functor BUFZ 32, L_000001f3f4333050, C4<00000000000000000000000000000000>, C4<00000000000000000000000000000000>, C4<00000000000000000000000000000000>;
L_000001f3f4338160 .functor BUFZ 16, v000001f3f42b25e0_0, C4<0000000000000000>, C4<0000000000000000>, C4<0000000000000000>;
L_000001f3f43377c0 .functor BUFZ 16, L_000001f3f405df70, C4<0000000000000000>, C4<0000000000000000>, C4<0000000000000000>;
L_000001f3f43381d0 .functor XOR 17, L_000001f3f43339b0, L_000001f3f43321f0, C4<00000000000000000>, C4<00000000000000000>;
o000001f3f425b308 .functor BUFZ 1, c4<z>; HiZ drive
L_000001f3f43376e0 .functor XOR 1, L_000001f3f4332510, o000001f3f425b308, C4<0>, C4<0>;
L_000001f3f4338a90 .functor XOR 16, L_000001f3f4333410, L_000001f3f43330f0, C4<0000000000000000>, C4<0000000000000000>;
L_000001f3f4338b70 .functor BUFZ 16, L_000001f3f4333190, C4<0000000000000000>, C4<0000000000000000>, C4<0000000000000000>;
L_000001f3f4337750 .functor BUFZ 16, v000001f3f42b1be0_0, C4<0000000000000000>, C4<0000000000000000>, C4<0000000000000000>;
L_000001f3f4338470 .functor BUFZ 16, L_000001f3f4030030, C4<0000000000000000>, C4<0000000000000000>, C4<0000000000000000>;
L_000001f3f4338cc0 .functor XOR 17, L_000001f3f4333af0, L_000001f3f4333550, C4<00000000000000000>, C4<00000000000000000>;
L_000001f3f4338be0 .functor XOR 16, L_000001f3f4331f70, L_000001f3f4331c50, C4<0000000000000000>, C4<0000000000000000>;
L_000001f3f4338b00 .functor BUFZ 16, L_000001f3f4333a50, C4<0000000000000000>, C4<0000000000000000>, C4<0000000000000000>;
v000001f3f42ac320_0 .net "A", 15 0, o000001f3f425b248;  0 drivers
o000001f3f425b278 .functor BUFZ 1, c4<z>; HiZ drive
v000001f3f42ab2e0_0 .net "ACCUMCI", 0 0, o000001f3f425b278;  0 drivers
v000001f3f42ab060_0 .net "ACCUMCO", 0 0, L_000001f3f4332510;  1 drivers
o000001f3f425b2d8 .functor BUFZ 1, c4<z>; HiZ drive
v000001f3f42ab100_0 .net "ADDSUBBOT", 0 0, o000001f3f425b2d8;  0 drivers
v000001f3f42ad0e0_0 .net "ADDSUBTOP", 0 0, o000001f3f425b308;  0 drivers
o000001f3f425b338 .functor BUFZ 1, c4<z>; HiZ drive
v000001f3f42ab1a0_0 .net "AHOLD", 0 0, o000001f3f425b338;  0 drivers
v000001f3f42ab240_0 .net "Ah", 15 0, L_000001f3f43302b0;  1 drivers
v000001f3f42ab420_0 .net "Al", 15 0, L_000001f3f4330490;  1 drivers
v000001f3f42af980_0 .net "B", 15 0, o000001f3f425b3c8;  0 drivers
o000001f3f425b3f8 .functor BUFZ 1, c4<z>; HiZ drive
v000001f3f42af8e0_0 .net "BHOLD", 0 0, o000001f3f425b3f8;  0 drivers
v000001f3f42afa20_0 .net "Bh", 15 0, L_000001f3f4333230;  1 drivers
v000001f3f42af160_0 .net "Bl", 15 0, L_000001f3f4333f50;  1 drivers
v000001f3f42afe80_0 .net "C", 15 0, o000001f3f425b488;  0 drivers
o000001f3f425b4b8 .functor BUFZ 1, c4<z>; HiZ drive
v000001f3f42ae1c0_0 .net "CE", 0 0, o000001f3f425b4b8;  0 drivers
o000001f3f425b4e8 .functor BUFZ 1, c4<z>; HiZ drive
v000001f3f42af480_0 .net "CHOLD", 0 0, o000001f3f425b4e8;  0 drivers
o000001f3f425b518 .functor BUFZ 1, c4<z>; HiZ drive
v000001f3f42aee40_0 .net "CI", 0 0, o000001f3f425b518;  0 drivers
v000001f3f42aed00_0 .net "CLK", 0 0, o000001f3f425b548;  0 drivers
v000001f3f42afb60_0 .net "CO", 0 0, L_000001f3f43376e0;  1 drivers
v000001f3f42aff20_0 .net "D", 15 0, o000001f3f425b5a8;  0 drivers
o000001f3f425b5d8 .functor BUFZ 1, c4<z>; HiZ drive
v000001f3f42aec60_0 .net "DHOLD", 0 0, o000001f3f425b5d8;  0 drivers
L_000001f3f42d7a48 .functor BUFT 1, C4<0>, C4<0>, C4<0>, C4<0>;
v000001f3f42adb80_0 .net "HCI", 0 0, L_000001f3f42d7a48;  1 drivers
o000001f3f425b638 .functor BUFZ 1, c4<z>; HiZ drive
v000001f3f42aeda0_0 .net "IRSTBOT", 0 0, o000001f3f425b638;  0 drivers
o000001f3f425b668 .functor BUFZ 1, c4<z>; HiZ drive
v000001f3f42aebc0_0 .net "IRSTTOP", 0 0, o000001f3f425b668;  0 drivers
L_000001f3f42d7b68 .functor BUFT 1, C4<0>, C4<0>, C4<0>, C4<0>;
v000001f3f42af0c0_0 .net "LCI", 0 0, L_000001f3f42d7b68;  1 drivers
v000001f3f42ae760_0 .net "LCO", 0 0, L_000001f3f4331cf0;  1 drivers
v000001f3f42ad7c0_0 .net "O", 31 0, L_000001f3f43319d0;  1 drivers
o000001f3f425b728 .functor BUFZ 1, c4<z>; HiZ drive
v000001f3f42afc00_0 .net "OHOLDBOT", 0 0, o000001f3f425b728;  0 drivers
o000001f3f425b758 .functor BUFZ 1, c4<z>; HiZ drive
v000001f3f42ae9e0_0 .net "OHOLDTOP", 0 0, o000001f3f425b758;  0 drivers
o000001f3f425b788 .functor BUFZ 1, c4<z>; HiZ drive
v000001f3f42af520_0 .net "OLOADBOT", 0 0, o000001f3f425b788;  0 drivers
o000001f3f425b7b8 .functor BUFZ 1, c4<z>; HiZ drive
v000001f3f42aeee0_0 .net "OLOADTOP", 0 0, o000001f3f425b7b8;  0 drivers
o000001f3f425b7e8 .functor BUFZ 1, c4<z>; HiZ drive
v000001f3f42af5c0_0 .net "ORSTBOT", 0 0, o000001f3f425b7e8;  0 drivers
o000001f3f425b818 .functor BUFZ 1, c4<z>; HiZ drive
v000001f3f42afac0_0 .net "ORSTTOP", 0 0, o000001f3f425b818;  0 drivers
v000001f3f42aef80_0 .net "Oh", 15 0, L_000001f3f4338b70;  1 drivers
v000001f3f42adae0_0 .net "Ol", 15 0, L_000001f3f4338b00;  1 drivers
o000001f3f425b8a8 .functor BUFZ 1, c4<z>; HiZ drive
v000001f3f42af700_0 .net "SIGNEXTIN", 0 0, o000001f3f425b8a8;  0 drivers
v000001f3f42af340_0 .net "SIGNEXTOUT", 0 0, L_000001f3f43326f0;  1 drivers
v000001f3f42adc20_0 .net "XW", 15 0, L_000001f3f4333410;  1 drivers
v000001f3f42af020_0 .net "YZ", 15 0, L_000001f3f4331f70;  1 drivers
v000001f3f42ada40_0 .net/2u *"_ivl_0", 0 0, L_000001f3f42d74f0;  1 drivers
v000001f3f42afca0_0 .net *"_ivl_100", 31 0, L_000001f3f43323d0;  1 drivers
L_000001f3f42d78e0 .functor BUFT 1, C4<0000000000000000>, C4<0>, C4<0>, C4<0>;
v000001f3f42ae260_0 .net *"_ivl_103", 15 0, L_000001f3f42d78e0;  1 drivers
v000001f3f42af840_0 .net *"_ivl_104", 31 0, L_000001f3f4333370;  1 drivers
v000001f3f42af660_0 .net *"_ivl_106", 15 0, L_000001f3f4333690;  1 drivers
L_000001f3f42d7928 .functor BUFT 1, C4<0000000000000000>, C4<0>, C4<0>, C4<0>;
v000001f3f42af200_0 .net *"_ivl_108", 15 0, L_000001f3f42d7928;  1 drivers
L_000001f3f42d7538 .functor BUFT 1, C4<00000000>, C4<0>, C4<0>, C4<0>;
v000001f3f42ad860_0 .net/2u *"_ivl_12", 7 0, L_000001f3f42d7538;  1 drivers
v000001f3f42ad900_0 .net *"_ivl_121", 16 0, L_000001f3f4333eb0;  1 drivers
L_000001f3f42d7970 .functor BUFT 1, C4<0>, C4<0>, C4<0>, C4<0>;
v000001f3f42afd40_0 .net *"_ivl_124", 0 0, L_000001f3f42d7970;  1 drivers
v000001f3f42af7a0_0 .net *"_ivl_125", 16 0, L_000001f3f43339b0;  1 drivers
L_000001f3f42d79b8 .functor BUFT 1, C4<0>, C4<0>, C4<0>, C4<0>;
v000001f3f42ae300_0 .net *"_ivl_128", 0 0, L_000001f3f42d79b8;  1 drivers
v000001f3f42ae3a0_0 .net *"_ivl_130", 15 0, L_000001f3f4331930;  1 drivers
v000001f3f42add60_0 .net *"_ivl_131", 16 0, L_000001f3f43321f0;  1 drivers
L_000001f3f42d7a00 .functor BUFT 1, C4<0>, C4<0>, C4<0>, C4<0>;
v000001f3f42ae800_0 .net *"_ivl_134", 0 0, L_000001f3f42d7a00;  1 drivers
v000001f3f42ae440_0 .net *"_ivl_135", 16 0, L_000001f3f43381d0;  1 drivers
v000001f3f42ade00_0 .net *"_ivl_137", 16 0, L_000001f3f4331bb0;  1 drivers
L_000001f3f42d7c88 .functor BUFT 1, C4<00000000000000000>, C4<0>, C4<0>, C4<0>;
v000001f3f42ae8a0_0 .net *"_ivl_139", 16 0, L_000001f3f42d7c88;  1 drivers
v000001f3f42ae6c0_0 .net *"_ivl_143", 16 0, L_000001f3f4332bf0;  1 drivers
v000001f3f42ad9a0_0 .net *"_ivl_148", 15 0, L_000001f3f43330f0;  1 drivers
v000001f3f42adea0_0 .net *"_ivl_149", 15 0, L_000001f3f4338a90;  1 drivers
v000001f3f42afde0_0 .net *"_ivl_15", 7 0, L_000001f3f4330170;  1 drivers
v000001f3f42adcc0_0 .net *"_ivl_168", 16 0, L_000001f3f4332470;  1 drivers
L_000001f3f42d7a90 .functor BUFT 1, C4<0>, C4<0>, C4<0>, C4<0>;
v000001f3f42af2a0_0 .net *"_ivl_171", 0 0, L_000001f3f42d7a90;  1 drivers
v000001f3f42ae4e0_0 .net *"_ivl_172", 16 0, L_000001f3f4333af0;  1 drivers
L_000001f3f42d7ad8 .functor BUFT 1, C4<0>, C4<0>, C4<0>, C4<0>;
v000001f3f42adfe0_0 .net *"_ivl_175", 0 0, L_000001f3f42d7ad8;  1 drivers
v000001f3f42ae080_0 .net *"_ivl_177", 15 0, L_000001f3f4333730;  1 drivers
v000001f3f42adf40_0 .net *"_ivl_178", 16 0, L_000001f3f4333550;  1 drivers
L_000001f3f42d7580 .functor BUFT 1, C4<00000000>, C4<0>, C4<0>, C4<0>;
v000001f3f42ae120_0 .net/2u *"_ivl_18", 7 0, L_000001f3f42d7580;  1 drivers
L_000001f3f42d7b20 .functor BUFT 1, C4<0>, C4<0>, C4<0>, C4<0>;
v000001f3f42ae580_0 .net *"_ivl_181", 0 0, L_000001f3f42d7b20;  1 drivers
v000001f3f42ae620_0 .net *"_ivl_182", 16 0, L_000001f3f4338cc0;  1 drivers
v000001f3f42ae940_0 .net *"_ivl_184", 16 0, L_000001f3f4332e70;  1 drivers
L_000001f3f42d7cd0 .functor BUFT 1, C4<00000000000000000>, C4<0>, C4<0>, C4<0>;
v000001f3f42af3e0_0 .net *"_ivl_186", 16 0, L_000001f3f42d7cd0;  1 drivers
v000001f3f42aea80_0 .net *"_ivl_190", 16 0, L_000001f3f4333ff0;  1 drivers
v000001f3f42aeb20_0 .net *"_ivl_193", 15 0, L_000001f3f4331c50;  1 drivers
v000001f3f42b1000_0 .net *"_ivl_194", 15 0, L_000001f3f4338be0;  1 drivers
v000001f3f42b1fa0_0 .net *"_ivl_21", 7 0, L_000001f3f4330350;  1 drivers
L_000001f3f42d75c8 .functor BUFT 1, C4<00000000>, C4<0>, C4<0>, C4<0>;
v000001f3f42b24a0_0 .net/2u *"_ivl_24", 7 0, L_000001f3f42d75c8;  1 drivers
v000001f3f42b1280_0 .net *"_ivl_27", 7 0, L_000001f3f4330530;  1 drivers
L_000001f3f42d7610 .functor BUFT 1, C4<00000000>, C4<0>, C4<0>, C4<0>;
v000001f3f42affc0_0 .net/2u *"_ivl_30", 7 0, L_000001f3f42d7610;  1 drivers
v000001f3f42b0d80_0 .net *"_ivl_33", 7 0, L_000001f3f4332f10;  1 drivers
L_000001f3f42d7658 .functor BUFT 1, C4<00000000>, C4<0>, C4<0>, C4<0>;
v000001f3f42b0ce0_0 .net/2u *"_ivl_38", 7 0, L_000001f3f42d7658;  1 drivers
v000001f3f42b2220_0 .net *"_ivl_41", 7 0, L_000001f3f4332fb0;  1 drivers
v000001f3f42b0a60_0 .net *"_ivl_42", 15 0, L_000001f3f4333910;  1 drivers
L_000001f3f42d76a0 .functor BUFT 1, C4<00000000>, C4<0>, C4<0>, C4<0>;
v000001f3f42b13c0_0 .net/2u *"_ivl_46", 7 0, L_000001f3f42d76a0;  1 drivers
v000001f3f42b0560_0 .net *"_ivl_49", 7 0, L_000001f3f4331e30;  1 drivers
v000001f3f42b02e0_0 .net *"_ivl_50", 15 0, L_000001f3f4332dd0;  1 drivers
L_000001f3f42d76e8 .functor BUFT 1, C4<00000000>, C4<0>, C4<0>, C4<0>;
v000001f3f42b2680_0 .net/2u *"_ivl_64", 7 0, L_000001f3f42d76e8;  1 drivers
L_000001f3f42d7730 .functor BUFT 1, C4<00000000>, C4<0>, C4<0>, C4<0>;
v000001f3f42b22c0_0 .net/2u *"_ivl_68", 7 0, L_000001f3f42d7730;  1 drivers
v000001f3f42b0600_0 .net *"_ivl_72", 31 0, L_000001f3f4331ed0;  1 drivers
L_000001f3f42d7778 .functor BUFT 1, C4<0000000000000000>, C4<0>, C4<0>, C4<0>;
v000001f3f42b0920_0 .net *"_ivl_75", 15 0, L_000001f3f42d7778;  1 drivers
v000001f3f42b0100_0 .net *"_ivl_76", 31 0, L_000001f3f4332650;  1 drivers
L_000001f3f42d77c0 .functor BUFT 1, C4<00000000>, C4<0>, C4<0>, C4<0>;
v000001f3f42b1d20_0 .net *"_ivl_79", 7 0, L_000001f3f42d77c0;  1 drivers
v000001f3f42b18c0_0 .net *"_ivl_80", 31 0, L_000001f3f4332c90;  1 drivers
v000001f3f42b1820_0 .net *"_ivl_82", 23 0, L_000001f3f43334b0;  1 drivers
L_000001f3f42d7808 .functor BUFT 1, C4<00000000>, C4<0>, C4<0>, C4<0>;
v000001f3f42b2720_0 .net *"_ivl_84", 7 0, L_000001f3f42d7808;  1 drivers
v000001f3f42b2540_0 .net *"_ivl_86", 31 0, L_000001f3f43337d0;  1 drivers
v000001f3f42b11e0_0 .net *"_ivl_88", 31 0, L_000001f3f4333cd0;  1 drivers
L_000001f3f42d7850 .functor BUFT 1, C4<00000000>, C4<0>, C4<0>, C4<0>;
v000001f3f42b1c80_0 .net *"_ivl_91", 7 0, L_000001f3f42d7850;  1 drivers
v000001f3f42b1b40_0 .net *"_ivl_92", 31 0, L_000001f3f4332a10;  1 drivers
v000001f3f42b1320_0 .net *"_ivl_94", 23 0, L_000001f3f43332d0;  1 drivers
L_000001f3f42d7898 .functor BUFT 1, C4<00000000>, C4<0>, C4<0>, C4<0>;
v000001f3f42b0060_0 .net *"_ivl_96", 7 0, L_000001f3f42d7898;  1 drivers
v000001f3f42b1460_0 .net *"_ivl_98", 31 0, L_000001f3f4334090;  1 drivers
v000001f3f42b1780_0 .net "clock", 0 0, L_000001f3f41bea30;  1 drivers
v000001f3f42b01a0_0 .net "iA", 15 0, L_000001f3f405df70;  1 drivers
v000001f3f42b1960_0 .net "iB", 15 0, L_000001f3f4030030;  1 drivers
v000001f3f42b15a0_0 .net "iC", 15 0, L_000001f3f405e910;  1 drivers
v000001f3f42b1aa0_0 .net "iD", 15 0, L_000001f3f40301f0;  1 drivers
v000001f3f42b1dc0_0 .net "iF", 15 0, L_000001f3f4338390;  1 drivers
v000001f3f42b1e60_0 .net "iG", 15 0, L_000001f3f4338550;  1 drivers
v000001f3f42b1500_0 .net "iH", 31 0, L_000001f3f43388d0;  1 drivers
v000001f3f42b2180_0 .net "iJ", 15 0, L_000001f3f4337b40;  1 drivers
v000001f3f42b1640_0 .net "iJ_e", 23 0, L_000001f3f4332330;  1 drivers
v000001f3f42b0240_0 .net "iK", 15 0, L_000001f3f4337910;  1 drivers
v000001f3f42b0e20_0 .net "iK_e", 23 0, L_000001f3f4333870;  1 drivers
v000001f3f42b0380_0 .net "iL", 31 0, L_000001f3f4333050;  1 drivers
v000001f3f42b16e0_0 .net "iP", 15 0, L_000001f3f4333190;  1 drivers
v000001f3f42b0420_0 .net "iQ", 15 0, v000001f3f42b25e0_0;  1 drivers
v000001f3f42b2360_0 .net "iR", 15 0, L_000001f3f4333a50;  1 drivers
v000001f3f42b0b00_0 .net "iS", 15 0, v000001f3f42b1be0_0;  1 drivers
v000001f3f42b2040_0 .net "iW", 15 0, L_000001f3f4338160;  1 drivers
v000001f3f42b1f00_0 .net "iX", 15 0, L_000001f3f43377c0;  1 drivers
v000001f3f42b1a00_0 .net "iY", 15 0, L_000001f3f4337750;  1 drivers
v000001f3f42b04c0_0 .net "iZ", 15 0, L_000001f3f4338470;  1 drivers
v000001f3f42b06a0_0 .net "p_Ah_Bh", 15 0, L_000001f3f4331b10;  1 drivers
v000001f3f42b2400_0 .net "p_Ah_Bl", 15 0, L_000001f3f4333c30;  1 drivers
v000001f3f42b20e0_0 .net "p_Al_Bh", 15 0, L_000001f3f4333b90;  1 drivers
v000001f3f42b09c0_0 .net "p_Al_Bl", 15 0, L_000001f3f4332d30;  1 drivers
v000001f3f42b0ba0_0 .var "rA", 15 0;
v000001f3f42b0740_0 .var "rB", 15 0;
v000001f3f42b10a0_0 .var "rC", 15 0;
v000001f3f42b0c40_0 .var "rD", 15 0;
v000001f3f42b07e0_0 .var "rF", 15 0;
v000001f3f42b1140_0 .var "rG", 15 0;
v000001f3f42b0ec0_0 .var "rH", 31 0;
v000001f3f42b0880_0 .var "rJ", 15 0;
v000001f3f42b0f60_0 .var "rK", 15 0;
v000001f3f42b25e0_0 .var "rQ", 15 0;
v000001f3f42b1be0_0 .var "rS", 15 0;
E_000001f3f421baf0 .event posedge, v000001f3f42af5c0_0, v000001f3f42b1780_0;
E_000001f3f421b570 .event posedge, v000001f3f42afac0_0, v000001f3f42b1780_0;
E_000001f3f421bbb0 .event posedge, v000001f3f42aeda0_0, v000001f3f42b1780_0;
E_000001f3f421bc70 .event posedge, v000001f3f42aebc0_0, v000001f3f42b1780_0;
L_000001f3f4330170 .part L_000001f3f405df70, 8, 8;
L_000001f3f43302b0 .concat [ 8 8 0 0], L_000001f3f4330170, L_000001f3f42d7538;
L_000001f3f4330350 .part L_000001f3f405df70, 0, 8;
L_000001f3f4330490 .concat [ 8 8 0 0], L_000001f3f4330350, L_000001f3f42d7580;
L_000001f3f4330530 .part L_000001f3f4030030, 8, 8;
L_000001f3f4333230 .concat [ 8 8 0 0], L_000001f3f4330530, L_000001f3f42d75c8;
L_000001f3f4332f10 .part L_000001f3f4030030, 0, 8;
L_000001f3f4333f50 .concat [ 8 8 0 0], L_000001f3f4332f10, L_000001f3f42d7610;
L_000001f3f4331b10 .arith/mult 16, L_000001f3f43302b0, L_000001f3f4333230;
L_000001f3f4332fb0 .part L_000001f3f4330490, 0, 8;
L_000001f3f4333910 .concat [ 8 8 0 0], L_000001f3f4332fb0, L_000001f3f42d7658;
L_000001f3f4333b90 .arith/mult 16, L_000001f3f4333910, L_000001f3f4333230;
L_000001f3f4331e30 .part L_000001f3f4333f50, 0, 8;
L_000001f3f4332dd0 .concat [ 8 8 0 0], L_000001f3f4331e30, L_000001f3f42d76a0;
L_000001f3f4333c30 .arith/mult 16, L_000001f3f43302b0, L_000001f3f4332dd0;
L_000001f3f4332d30 .arith/mult 16, L_000001f3f4330490, L_000001f3f4333f50;
L_000001f3f4333870 .concat [ 16 8 0 0], L_000001f3f4337910, L_000001f3f42d76e8;
L_000001f3f4332330 .concat [ 16 8 0 0], L_000001f3f4337b40, L_000001f3f42d7730;
L_000001f3f4331ed0 .concat [ 16 16 0 0], L_000001f3f4338550, L_000001f3f42d7778;
L_000001f3f4332650 .concat [ 24 8 0 0], L_000001f3f4333870, L_000001f3f42d77c0;
L_000001f3f43334b0 .part L_000001f3f4332650, 0, 24;
L_000001f3f4332c90 .concat [ 8 24 0 0], L_000001f3f42d7808, L_000001f3f43334b0;
L_000001f3f43337d0 .arith/sum 32, L_000001f3f4331ed0, L_000001f3f4332c90;
L_000001f3f4333cd0 .concat [ 24 8 0 0], L_000001f3f4332330, L_000001f3f42d7850;
L_000001f3f43332d0 .part L_000001f3f4333cd0, 0, 24;
L_000001f3f4332a10 .concat [ 8 24 0 0], L_000001f3f42d7898, L_000001f3f43332d0;
L_000001f3f4334090 .arith/sum 32, L_000001f3f43337d0, L_000001f3f4332a10;
L_000001f3f43323d0 .concat [ 16 16 0 0], L_000001f3f4338390, L_000001f3f42d78e0;
L_000001f3f4333690 .part L_000001f3f43323d0, 0, 16;
L_000001f3f4333370 .concat [ 16 16 0 0], L_000001f3f42d7928, L_000001f3f4333690;
L_000001f3f4333050 .arith/sum 32, L_000001f3f4334090, L_000001f3f4333370;
L_000001f3f4332510 .part L_000001f3f4332bf0, 16, 1;
L_000001f3f4333410 .part L_000001f3f4332bf0, 0, 16;
L_000001f3f4333eb0 .concat [ 16 1 0 0], L_000001f3f43377c0, L_000001f3f42d7970;
L_000001f3f43339b0 .concat [ 16 1 0 0], L_000001f3f4338160, L_000001f3f42d79b8;
L_000001f3f4331930 .repeat 16, 16, o000001f3f425b308;
L_000001f3f43321f0 .concat [ 16 1 0 0], L_000001f3f4331930, L_000001f3f42d7a00;
L_000001f3f4331bb0 .arith/sum 17, L_000001f3f4333eb0, L_000001f3f43381d0;
L_000001f3f4332bf0 .arith/sum 17, L_000001f3f4331bb0, L_000001f3f42d7c88;
L_000001f3f43330f0 .repeat 16, 16, o000001f3f425b308;
L_000001f3f4333190 .functor MUXZ 16, L_000001f3f4338a90, L_000001f3f405e910, o000001f3f425b7b8, C4<>;
L_000001f3f43326f0 .part L_000001f3f43377c0, 15, 1;
L_000001f3f4331cf0 .part L_000001f3f4333ff0, 16, 1;
L_000001f3f4331f70 .part L_000001f3f4333ff0, 0, 16;
L_000001f3f4332470 .concat [ 16 1 0 0], L_000001f3f4338470, L_000001f3f42d7a90;
L_000001f3f4333af0 .concat [ 16 1 0 0], L_000001f3f4337750, L_000001f3f42d7ad8;
L_000001f3f4333730 .repeat 16, 16, o000001f3f425b2d8;
L_000001f3f4333550 .concat [ 16 1 0 0], L_000001f3f4333730, L_000001f3f42d7b20;
L_000001f3f4332e70 .arith/sum 17, L_000001f3f4332470, L_000001f3f4338cc0;
L_000001f3f4333ff0 .arith/sum 17, L_000001f3f4332e70, L_000001f3f42d7cd0;
L_000001f3f4331c50 .repeat 16, 16, o000001f3f425b2d8;
L_000001f3f4333a50 .functor MUXZ 16, L_000001f3f4338be0, L_000001f3f40301f0, o000001f3f425b788, C4<>;
L_000001f3f43319d0 .concat [ 16 16 0 0], L_000001f3f4338b00, L_000001f3f4338b70;
S_000001f3f4248cb0 .scope module, "SB_PLL40_2F_CORE" "SB_PLL40_2F_CORE" 3 2521;
 .timescale -12 -12;
    .port_info 0 /INPUT 1 "REFERENCECLK";
    .port_info 1 /OUTPUT 1 "PLLOUTCOREA";
    .port_info 2 /OUTPUT 1 "PLLOUTGLOBALA";
    .port_info 3 /OUTPUT 1 "PLLOUTCOREB";
    .port_info 4 /OUTPUT 1 "PLLOUTGLOBALB";
    .port_info 5 /INPUT 1 "EXTFEEDBACK";
    .port_info 6 /INPUT 8 "DYNAMICDELAY";
    .port_info 7 /OUTPUT 1 "LOCK";
    .port_info 8 /INPUT 1 "BYPASS";
    .port_info 9 /INPUT 1 "RESETB";
    .port_info 10 /INPUT 1 "LATCHINPUTVALUE";
    .port_info 11 /OUTPUT 1 "SDO";
    .port_info 12 /INPUT 1 "SDI";
    .port_info 13 /INPUT 1 "SCLK";
P_000001f3f3fbc760 .param/str "DELAY_ADJUSTMENT_MODE_FEEDBACK" 0 3 2538, "FIXED";
P_000001f3f3fbc798 .param/str "DELAY_ADJUSTMENT_MODE_RELATIVE" 0 3 2539, "FIXED";
P_000001f3f3fbc7d0 .param/l "DIVF" 0 3 2546, C4<0000000>;
P_000001f3f3fbc808 .param/l "DIVQ" 0 3 2547, C4<000>;
P_000001f3f3fbc840 .param/l "DIVR" 0 3 2545, C4<0000>;
P_000001f3f3fbc878 .param/l "ENABLE_ICEGATE_PORTA" 0 3 2549, C4<0>;
P_000001f3f3fbc8b0 .param/l "ENABLE_ICEGATE_PORTB" 0 3 2550, C4<0>;
P_000001f3f3fbc8e8 .param/l "EXTERNAL_DIVIDE_FACTOR" 0 3 2552, +C4<00000000000000000000000000000001>;
P_000001f3f3fbc920 .param/l "FDA_FEEDBACK" 0 3 2541, C4<0000>;
P_000001f3f3fbc958 .param/l "FDA_RELATIVE" 0 3 2542, C4<0000>;
P_000001f3f3fbc990 .param/str "FEEDBACK_PATH" 0 3 2537, "SIMPLE";
P_000001f3f3fbc9c8 .param/l "FILTER_RANGE" 0 3 2548, C4<000>;
P_000001f3f3fbca00 .param/str "PLLOUT_SELECT_PORTA" 0 3 2543, "GENCLK";
P_000001f3f3fbca38 .param/str "PLLOUT_SELECT_PORTB" 0 3 2544, "GENCLK";
P_000001f3f3fbca70 .param/l "SHIFTREG_DIV_MODE" 0 3 2540, C4<0>;
P_000001f3f3fbcaa8 .param/l "TEST_MODE" 0 3 2551, C4<0>;
o000001f3f425d0d8 .functor BUFZ 1, c4<z>; HiZ drive
v000001f3f42b2cc0_0 .net "BYPASS", 0 0, o000001f3f425d0d8;  0 drivers
o000001f3f425d108 .functor BUFZ 8, c4<zzzzzzzz>; HiZ drive
v000001f3f42b2b80_0 .net "DYNAMICDELAY", 7 0, o000001f3f425d108;  0 drivers
o000001f3f425d138 .functor BUFZ 1, c4<z>; HiZ drive
v000001f3f42b2c20_0 .net "EXTFEEDBACK", 0 0, o000001f3f425d138;  0 drivers
o000001f3f425d168 .functor BUFZ 1, c4<z>; HiZ drive
v000001f3f42b2ae0_0 .net "LATCHINPUTVALUE", 0 0, o000001f3f425d168;  0 drivers
o000001f3f425d198 .functor BUFZ 1, c4<z>; HiZ drive
v000001f3f42b2d60_0 .net "LOCK", 0 0, o000001f3f425d198;  0 drivers
o000001f3f425d1c8 .functor BUFZ 1, c4<z>; HiZ drive
v000001f3f42b2860_0 .net "PLLOUTCOREA", 0 0, o000001f3f425d1c8;  0 drivers
o000001f3f425d1f8 .functor BUFZ 1, c4<z>; HiZ drive
v000001f3f42b2a40_0 .net "PLLOUTCOREB", 0 0, o000001f3f425d1f8;  0 drivers
o000001f3f425d228 .functor BUFZ 1, c4<z>; HiZ drive
v000001f3f42b2e00_0 .net "PLLOUTGLOBALA", 0 0, o000001f3f425d228;  0 drivers
o000001f3f425d258 .functor BUFZ 1, c4<z>; HiZ drive
v000001f3f42b29a0_0 .net "PLLOUTGLOBALB", 0 0, o000001f3f425d258;  0 drivers
o000001f3f425d288 .functor BUFZ 1, c4<z>; HiZ drive
v000001f3f42b2ea0_0 .net "REFERENCECLK", 0 0, o000001f3f425d288;  0 drivers
o000001f3f425d2b8 .functor BUFZ 1, c4<z>; HiZ drive
v000001f3f42b2900_0 .net "RESETB", 0 0, o000001f3f425d2b8;  0 drivers
o000001f3f425d2e8 .functor BUFZ 1, c4<z>; HiZ drive
v000001f3f42b27c0_0 .net "SCLK", 0 0, o000001f3f425d2e8;  0 drivers
o000001f3f425d318 .functor BUFZ 1, c4<z>; HiZ drive
v000001f3f42c3520_0 .net "SDI", 0 0, o000001f3f425d318;  0 drivers
o000001f3f425d348 .functor BUFZ 1, c4<z>; HiZ drive
v000001f3f42c49c0_0 .net "SDO", 0 0, o000001f3f425d348;  0 drivers
S_000001f3f4248350 .scope module, "SB_PLL40_2F_PAD" "SB_PLL40_2F_PAD" 3 2556;
 .timescale -12 -12;
    .port_info 0 /INPUT 1 "PACKAGEPIN";
    .port_info 1 /OUTPUT 1 "PLLOUTCOREA";
    .port_info 2 /OUTPUT 1 "PLLOUTGLOBALA";
    .port_info 3 /OUTPUT 1 "PLLOUTCOREB";
    .port_info 4 /OUTPUT 1 "PLLOUTGLOBALB";
    .port_info 5 /INPUT 1 "EXTFEEDBACK";
    .port_info 6 /INPUT 8 "DYNAMICDELAY";
    .port_info 7 /OUTPUT 1 "LOCK";
    .port_info 8 /INPUT 1 "BYPASS";
    .port_info 9 /INPUT 1 "RESETB";
    .port_info 10 /INPUT 1 "LATCHINPUTVALUE";
    .port_info 11 /OUTPUT 1 "SDO";
    .port_info 12 /INPUT 1 "SDI";
    .port_info 13 /INPUT 1 "SCLK";
P_000001f3f3fba2a0 .param/str "DELAY_ADJUSTMENT_MODE_FEEDBACK" 0 3 2573, "FIXED";
P_000001f3f3fba2d8 .param/str "DELAY_ADJUSTMENT_MODE_RELATIVE" 0 3 2574, "FIXED";
P_000001f3f3fba310 .param/l "DIVF" 0 3 2581, C4<0000000>;
P_000001f3f3fba348 .param/l "DIVQ" 0 3 2582, C4<000>;
P_000001f3f3fba380 .param/l "DIVR" 0 3 2580, C4<0000>;
P_000001f3f3fba3b8 .param/l "ENABLE_ICEGATE_PORTA" 0 3 2584, C4<0>;
P_000001f3f3fba3f0 .param/l "ENABLE_ICEGATE_PORTB" 0 3 2585, C4<0>;
P_000001f3f3fba428 .param/l "EXTERNAL_DIVIDE_FACTOR" 0 3 2587, +C4<00000000000000000000000000000001>;
P_000001f3f3fba460 .param/l "FDA_FEEDBACK" 0 3 2576, C4<0000>;
P_000001f3f3fba498 .param/l "FDA_RELATIVE" 0 3 2577, C4<0000>;
P_000001f3f3fba4d0 .param/str "FEEDBACK_PATH" 0 3 2572, "SIMPLE";
P_000001f3f3fba508 .param/l "FILTER_RANGE" 0 3 2583, C4<000>;
P_000001f3f3fba540 .param/str "PLLOUT_SELECT_PORTA" 0 3 2578, "GENCLK";
P_000001f3f3fba578 .param/str "PLLOUT_SELECT_PORTB" 0 3 2579, "GENCLK";
P_000001f3f3fba5b0 .param/l "SHIFTREG_DIV_MODE" 0 3 2575, C4<00>;
P_000001f3f3fba5e8 .param/l "TEST_MODE" 0 3 2586, C4<0>;
o000001f3f425d618 .functor BUFZ 1, c4<z>; HiZ drive
v000001f3f42c4100_0 .net "BYPASS", 0 0, o000001f3f425d618;  0 drivers
o000001f3f425d648 .functor BUFZ 8, c4<zzzzzzzz>; HiZ drive
v000001f3f42c3480_0 .net "DYNAMICDELAY", 7 0, o000001f3f425d648;  0 drivers
o000001f3f425d678 .functor BUFZ 1, c4<z>; HiZ drive
v000001f3f42c4ce0_0 .net "EXTFEEDBACK", 0 0, o000001f3f425d678;  0 drivers
o000001f3f425d6a8 .functor BUFZ 1, c4<z>; HiZ drive
v000001f3f42c3ac0_0 .net "LATCHINPUTVALUE", 0 0, o000001f3f425d6a8;  0 drivers
o000001f3f425d6d8 .functor BUFZ 1, c4<z>; HiZ drive
v000001f3f42c2c60_0 .net "LOCK", 0 0, o000001f3f425d6d8;  0 drivers
o000001f3f425d708 .functor BUFZ 1, c4<z>; HiZ drive
v000001f3f42c2a80_0 .net "PACKAGEPIN", 0 0, o000001f3f425d708;  0 drivers
o000001f3f425d738 .functor BUFZ 1, c4<z>; HiZ drive
v000001f3f42c41a0_0 .net "PLLOUTCOREA", 0 0, o000001f3f425d738;  0 drivers
o000001f3f425d768 .functor BUFZ 1, c4<z>; HiZ drive
v000001f3f42c35c0_0 .net "PLLOUTCOREB", 0 0, o000001f3f425d768;  0 drivers
o000001f3f425d798 .functor BUFZ 1, c4<z>; HiZ drive
v000001f3f42c29e0_0 .net "PLLOUTGLOBALA", 0 0, o000001f3f425d798;  0 drivers
o000001f3f425d7c8 .functor BUFZ 1, c4<z>; HiZ drive
v000001f3f42c3700_0 .net "PLLOUTGLOBALB", 0 0, o000001f3f425d7c8;  0 drivers
o000001f3f425d7f8 .functor BUFZ 1, c4<z>; HiZ drive
v000001f3f42c2d00_0 .net "RESETB", 0 0, o000001f3f425d7f8;  0 drivers
o000001f3f425d828 .functor BUFZ 1, c4<z>; HiZ drive
v000001f3f42c3c00_0 .net "SCLK", 0 0, o000001f3f425d828;  0 drivers
o000001f3f425d858 .functor BUFZ 1, c4<z>; HiZ drive
v000001f3f42c37a0_0 .net "SDI", 0 0, o000001f3f425d858;  0 drivers
o000001f3f425d888 .functor BUFZ 1, c4<z>; HiZ drive
v000001f3f42c2e40_0 .net "SDO", 0 0, o000001f3f425d888;  0 drivers
S_000001f3f4249160 .scope module, "SB_PLL40_2_PAD" "SB_PLL40_2_PAD" 3 2487;
 .timescale -12 -12;
    .port_info 0 /INPUT 1 "PACKAGEPIN";
    .port_info 1 /OUTPUT 1 "PLLOUTCOREA";
    .port_info 2 /OUTPUT 1 "PLLOUTGLOBALA";
    .port_info 3 /OUTPUT 1 "PLLOUTCOREB";
    .port_info 4 /OUTPUT 1 "PLLOUTGLOBALB";
    .port_info 5 /INPUT 1 "EXTFEEDBACK";
    .port_info 6 /INPUT 8 "DYNAMICDELAY";
    .port_info 7 /OUTPUT 1 "LOCK";
    .port_info 8 /INPUT 1 "BYPASS";
    .port_info 9 /INPUT 1 "RESETB";
    .port_info 10 /INPUT 1 "LATCHINPUTVALUE";
    .port_info 11 /OUTPUT 1 "SDO";
    .port_info 12 /INPUT 1 "SDI";
    .port_info 13 /INPUT 1 "SCLK";
P_000001f3f3fbf4b0 .param/str "DELAY_ADJUSTMENT_MODE_FEEDBACK" 0 3 2504, "FIXED";
P_000001f3f3fbf4e8 .param/str "DELAY_ADJUSTMENT_MODE_RELATIVE" 0 3 2505, "FIXED";
P_000001f3f3fbf520 .param/l "DIVF" 0 3 2511, C4<0000000>;
P_000001f3f3fbf558 .param/l "DIVQ" 0 3 2512, C4<000>;
P_000001f3f3fbf590 .param/l "DIVR" 0 3 2510, C4<0000>;
P_000001f3f3fbf5c8 .param/l "ENABLE_ICEGATE_PORTA" 0 3 2514, C4<0>;
P_000001f3f3fbf600 .param/l "ENABLE_ICEGATE_PORTB" 0 3 2515, C4<0>;
P_000001f3f3fbf638 .param/l "EXTERNAL_DIVIDE_FACTOR" 0 3 2517, +C4<00000000000000000000000000000001>;
P_000001f3f3fbf670 .param/l "FDA_FEEDBACK" 0 3 2507, C4<0000>;
P_000001f3f3fbf6a8 .param/l "FDA_RELATIVE" 0 3 2508, C4<0000>;
P_000001f3f3fbf6e0 .param/str "FEEDBACK_PATH" 0 3 2503, "SIMPLE";
P_000001f3f3fbf718 .param/l "FILTER_RANGE" 0 3 2513, C4<000>;
P_000001f3f3fbf750 .param/str "PLLOUT_SELECT_PORTB" 0 3 2509, "GENCLK";
P_000001f3f3fbf788 .param/l "SHIFTREG_DIV_MODE" 0 3 2506, C4<0>;
P_000001f3f3fbf7c0 .param/l "TEST_MODE" 0 3 2516, C4<0>;
o000001f3f425db58 .functor BUFZ 1, c4<z>; HiZ drive
v000001f3f42c2940_0 .net "BYPASS", 0 0, o000001f3f425db58;  0 drivers
o000001f3f425db88 .functor BUFZ 8, c4<zzzzzzzz>; HiZ drive
v000001f3f42c4560_0 .net "DYNAMICDELAY", 7 0, o000001f3f425db88;  0 drivers
o000001f3f425dbb8 .functor BUFZ 1, c4<z>; HiZ drive
v000001f3f42c4920_0 .net "EXTFEEDBACK", 0 0, o000001f3f425dbb8;  0 drivers
o000001f3f425dbe8 .functor BUFZ 1, c4<z>; HiZ drive
v000001f3f42c4a60_0 .net "LATCHINPUTVALUE", 0 0, o000001f3f425dbe8;  0 drivers
o000001f3f425dc18 .functor BUFZ 1, c4<z>; HiZ drive
v000001f3f42c4ec0_0 .net "LOCK", 0 0, o000001f3f425dc18;  0 drivers
o000001f3f425dc48 .functor BUFZ 1, c4<z>; HiZ drive
v000001f3f42c4d80_0 .net "PACKAGEPIN", 0 0, o000001f3f425dc48;  0 drivers
o000001f3f425dc78 .functor BUFZ 1, c4<z>; HiZ drive
v000001f3f42c4740_0 .net "PLLOUTCOREA", 0 0, o000001f3f425dc78;  0 drivers
o000001f3f425dca8 .functor BUFZ 1, c4<z>; HiZ drive
v000001f3f42c3200_0 .net "PLLOUTCOREB", 0 0, o000001f3f425dca8;  0 drivers
o000001f3f425dcd8 .functor BUFZ 1, c4<z>; HiZ drive
v000001f3f42c44c0_0 .net "PLLOUTGLOBALA", 0 0, o000001f3f425dcd8;  0 drivers
o000001f3f425dd08 .functor BUFZ 1, c4<z>; HiZ drive
v000001f3f42c4380_0 .net "PLLOUTGLOBALB", 0 0, o000001f3f425dd08;  0 drivers
o000001f3f425dd38 .functor BUFZ 1, c4<z>; HiZ drive
v000001f3f42c4f60_0 .net "RESETB", 0 0, o000001f3f425dd38;  0 drivers
o000001f3f425dd68 .functor BUFZ 1, c4<z>; HiZ drive
v000001f3f42c4ba0_0 .net "SCLK", 0 0, o000001f3f425dd68;  0 drivers
o000001f3f425dd98 .functor BUFZ 1, c4<z>; HiZ drive
v000001f3f42c2800_0 .net "SDI", 0 0, o000001f3f425dd98;  0 drivers
o000001f3f425ddc8 .functor BUFZ 1, c4<z>; HiZ drive
v000001f3f42c4e20_0 .net "SDO", 0 0, o000001f3f425ddc8;  0 drivers
S_000001f3f4249480 .scope module, "SB_PLL40_CORE" "SB_PLL40_CORE" 3 2425;
 .timescale -12 -12;
    .port_info 0 /INPUT 1 "REFERENCECLK";
    .port_info 1 /OUTPUT 1 "PLLOUTCORE";
    .port_info 2 /OUTPUT 1 "PLLOUTGLOBAL";
    .port_info 3 /INPUT 1 "EXTFEEDBACK";
    .port_info 4 /INPUT 8 "DYNAMICDELAY";
    .port_info 5 /OUTPUT 1 "LOCK";
    .port_info 6 /INPUT 1 "BYPASS";
    .port_info 7 /INPUT 1 "RESETB";
    .port_info 8 /INPUT 1 "LATCHINPUTVALUE";
    .port_info 9 /OUTPUT 1 "SDO";
    .port_info 10 /INPUT 1 "SDI";
    .port_info 11 /INPUT 1 "SCLK";
P_000001f3f3fbb3e0 .param/str "DELAY_ADJUSTMENT_MODE_FEEDBACK" 0 3 2440, "FIXED";
P_000001f3f3fbb418 .param/str "DELAY_ADJUSTMENT_MODE_RELATIVE" 0 3 2441, "FIXED";
P_000001f3f3fbb450 .param/l "DIVF" 0 3 2447, C4<0000000>;
P_000001f3f3fbb488 .param/l "DIVQ" 0 3 2448, C4<000>;
P_000001f3f3fbb4c0 .param/l "DIVR" 0 3 2446, C4<0000>;
P_000001f3f3fbb4f8 .param/l "ENABLE_ICEGATE" 0 3 2450, C4<0>;
P_000001f3f3fbb530 .param/l "EXTERNAL_DIVIDE_FACTOR" 0 3 2452, +C4<00000000000000000000000000000001>;
P_000001f3f3fbb568 .param/l "FDA_FEEDBACK" 0 3 2443, C4<0000>;
P_000001f3f3fbb5a0 .param/l "FDA_RELATIVE" 0 3 2444, C4<0000>;
P_000001f3f3fbb5d8 .param/str "FEEDBACK_PATH" 0 3 2439, "SIMPLE";
P_000001f3f3fbb610 .param/l "FILTER_RANGE" 0 3 2449, C4<000>;
P_000001f3f3fbb648 .param/str "PLLOUT_SELECT" 0 3 2445, "GENCLK";
P_000001f3f3fbb680 .param/l "SHIFTREG_DIV_MODE" 0 3 2442, C4<0>;
P_000001f3f3fbb6b8 .param/l "TEST_MODE" 0 3 2451, C4<0>;
o000001f3f425e098 .functor BUFZ 1, c4<z>; HiZ drive
v000001f3f42c4c40_0 .net "BYPASS", 0 0, o000001f3f425e098;  0 drivers
o000001f3f425e0c8 .functor BUFZ 8, c4<zzzzzzzz>; HiZ drive
v000001f3f42c30c0_0 .net "DYNAMICDELAY", 7 0, o000001f3f425e0c8;  0 drivers
o000001f3f425e0f8 .functor BUFZ 1, c4<z>; HiZ drive
v000001f3f42c3d40_0 .net "EXTFEEDBACK", 0 0, o000001f3f425e0f8;  0 drivers
o000001f3f425e128 .functor BUFZ 1, c4<z>; HiZ drive
v000001f3f42c4b00_0 .net "LATCHINPUTVALUE", 0 0, o000001f3f425e128;  0 drivers
o000001f3f425e158 .functor BUFZ 1, c4<z>; HiZ drive
v000001f3f42c3fc0_0 .net "LOCK", 0 0, o000001f3f425e158;  0 drivers
o000001f3f425e188 .functor BUFZ 1, c4<z>; HiZ drive
v000001f3f42c2b20_0 .net "PLLOUTCORE", 0 0, o000001f3f425e188;  0 drivers
o000001f3f425e1b8 .functor BUFZ 1, c4<z>; HiZ drive
v000001f3f42c47e0_0 .net "PLLOUTGLOBAL", 0 0, o000001f3f425e1b8;  0 drivers
o000001f3f425e1e8 .functor BUFZ 1, c4<z>; HiZ drive
v000001f3f42c3660_0 .net "REFERENCECLK", 0 0, o000001f3f425e1e8;  0 drivers
o000001f3f425e218 .functor BUFZ 1, c4<z>; HiZ drive
v000001f3f42c28a0_0 .net "RESETB", 0 0, o000001f3f425e218;  0 drivers
o000001f3f425e248 .functor BUFZ 1, c4<z>; HiZ drive
v000001f3f42c4240_0 .net "SCLK", 0 0, o000001f3f425e248;  0 drivers
o000001f3f425e278 .functor BUFZ 1, c4<z>; HiZ drive
v000001f3f42c4060_0 .net "SDI", 0 0, o000001f3f425e278;  0 drivers
o000001f3f425e2a8 .functor BUFZ 1, c4<z>; HiZ drive
v000001f3f42c2bc0_0 .net "SDO", 0 0, o000001f3f425e2a8;  0 drivers
S_000001f3f4249de0 .scope module, "SB_PLL40_PAD" "SB_PLL40_PAD" 3 2456;
 .timescale -12 -12;
    .port_info 0 /INPUT 1 "PACKAGEPIN";
    .port_info 1 /OUTPUT 1 "PLLOUTCORE";
    .port_info 2 /OUTPUT 1 "PLLOUTGLOBAL";
    .port_info 3 /INPUT 1 "EXTFEEDBACK";
    .port_info 4 /INPUT 8 "DYNAMICDELAY";
    .port_info 5 /OUTPUT 1 "LOCK";
    .port_info 6 /INPUT 1 "BYPASS";
    .port_info 7 /INPUT 1 "RESETB";
    .port_info 8 /INPUT 1 "LATCHINPUTVALUE";
    .port_info 9 /OUTPUT 1 "SDO";
    .port_info 10 /INPUT 1 "SDI";
    .port_info 11 /INPUT 1 "SCLK";
P_000001f3f3fb0a30 .param/str "DELAY_ADJUSTMENT_MODE_FEEDBACK" 0 3 2471, "FIXED";
P_000001f3f3fb0a68 .param/str "DELAY_ADJUSTMENT_MODE_RELATIVE" 0 3 2472, "FIXED";
P_000001f3f3fb0aa0 .param/l "DIVF" 0 3 2478, C4<0000000>;
P_000001f3f3fb0ad8 .param/l "DIVQ" 0 3 2479, C4<000>;
P_000001f3f3fb0b10 .param/l "DIVR" 0 3 2477, C4<0000>;
P_000001f3f3fb0b48 .param/l "ENABLE_ICEGATE" 0 3 2481, C4<0>;
P_000001f3f3fb0b80 .param/l "EXTERNAL_DIVIDE_FACTOR" 0 3 2483, +C4<00000000000000000000000000000001>;
P_000001f3f3fb0bb8 .param/l "FDA_FEEDBACK" 0 3 2474, C4<0000>;
P_000001f3f3fb0bf0 .param/l "FDA_RELATIVE" 0 3 2475, C4<0000>;
P_000001f3f3fb0c28 .param/str "FEEDBACK_PATH" 0 3 2470, "SIMPLE";
P_000001f3f3fb0c60 .param/l "FILTER_RANGE" 0 3 2480, C4<000>;
P_000001f3f3fb0c98 .param/str "PLLOUT_SELECT" 0 3 2476, "GENCLK";
P_000001f3f3fb0cd0 .param/l "SHIFTREG_DIV_MODE" 0 3 2473, C4<0>;
P_000001f3f3fb0d08 .param/l "TEST_MODE" 0 3 2482, C4<0>;
o000001f3f425e518 .functor BUFZ 1, c4<z>; HiZ drive
v000001f3f42c3de0_0 .net "BYPASS", 0 0, o000001f3f425e518;  0 drivers
o000001f3f425e548 .functor BUFZ 8, c4<zzzzzzzz>; HiZ drive
v000001f3f42c2da0_0 .net "DYNAMICDELAY", 7 0, o000001f3f425e548;  0 drivers
o000001f3f425e578 .functor BUFZ 1, c4<z>; HiZ drive
v000001f3f42c4880_0 .net "EXTFEEDBACK", 0 0, o000001f3f425e578;  0 drivers
o000001f3f425e5a8 .functor BUFZ 1, c4<z>; HiZ drive
v000001f3f42c4420_0 .net "LATCHINPUTVALUE", 0 0, o000001f3f425e5a8;  0 drivers
o000001f3f425e5d8 .functor BUFZ 1, c4<z>; HiZ drive
v000001f3f42c4600_0 .net "LOCK", 0 0, o000001f3f425e5d8;  0 drivers
o000001f3f425e608 .functor BUFZ 1, c4<z>; HiZ drive
v000001f3f42c32a0_0 .net "PACKAGEPIN", 0 0, o000001f3f425e608;  0 drivers
o000001f3f425e638 .functor BUFZ 1, c4<z>; HiZ drive
v000001f3f42c3840_0 .net "PLLOUTCORE", 0 0, o000001f3f425e638;  0 drivers
o000001f3f425e668 .functor BUFZ 1, c4<z>; HiZ drive
v000001f3f42c38e0_0 .net "PLLOUTGLOBAL", 0 0, o000001f3f425e668;  0 drivers
o000001f3f425e698 .functor BUFZ 1, c4<z>; HiZ drive
v000001f3f42c2ee0_0 .net "RESETB", 0 0, o000001f3f425e698;  0 drivers
o000001f3f425e6c8 .functor BUFZ 1, c4<z>; HiZ drive
v000001f3f42c3980_0 .net "SCLK", 0 0, o000001f3f425e6c8;  0 drivers
o000001f3f425e6f8 .functor BUFZ 1, c4<z>; HiZ drive
v000001f3f42c33e0_0 .net "SDI", 0 0, o000001f3f425e6f8;  0 drivers
o000001f3f425e728 .functor BUFZ 1, c4<z>; HiZ drive
v000001f3f42c3a20_0 .net "SDO", 0 0, o000001f3f425e728;  0 drivers
S_000001f3f4248030 .scope module, "SB_RAM40_4KNR" "SB_RAM40_4KNR" 3 1726;
 .timescale -12 -12;
    .port_info 0 /OUTPUT 16 "RDATA";
    .port_info 1 /INPUT 1 "RCLKN";
    .port_info 2 /INPUT 1 "RCLKE";
    .port_info 3 /INPUT 1 "RE";
    .port_info 4 /INPUT 11 "RADDR";
    .port_info 5 /INPUT 1 "WCLK";
    .port_info 6 /INPUT 1 "WCLKE";
    .port_info 7 /INPUT 1 "WE";
    .port_info 8 /INPUT 11 "WADDR";
    .port_info 9 /INPUT 16 "MASK";
    .port_info 10 /INPUT 16 "WDATA";
P_000001f3f3faed40 .param/l "INIT_0" 0 3 1742, C4<0000000000000000000000000000000000000000000000000000000000000000000000000000000000000000000000000000000000000000000000000000000000000000000000000000000000000000000000000000000000000000000000000000000000000000000000000000000000000000000000000000000000000000>;
P_000001f3f3faed78 .param/l "INIT_1" 0 3 1743, C4<0000000000000000000000000000000000000000000000000000000000000000000000000000000000000000000000000000000000000000000000000000000000000000000000000000000000000000000000000000000000000000000000000000000000000000000000000000000000000000000000000000000000000000>;
P_000001f3f3faedb0 .param/l "INIT_2" 0 3 1744, C4<0000000000000000000000000000000000000000000000000000000000000000000000000000000000000000000000000000000000000000000000000000000000000000000000000000000000000000000000000000000000000000000000000000000000000000000000000000000000000000000000000000000000000000>;
P_000001f3f3faede8 .param/l "INIT_3" 0 3 1745, C4<0000000000000000000000000000000000000000000000000000000000000000000000000000000000000000000000000000000000000000000000000000000000000000000000000000000000000000000000000000000000000000000000000000000000000000000000000000000000000000000000000000000000000000>;
P_000001f3f3faee20 .param/l "INIT_4" 0 3 1746, C4<0000000000000000000000000000000000000000000000000000000000000000000000000000000000000000000000000000000000000000000000000000000000000000000000000000000000000000000000000000000000000000000000000000000000000000000000000000000000000000000000000000000000000000>;
P_000001f3f3faee58 .param/l "INIT_5" 0 3 1747, C4<0000000000000000000000000000000000000000000000000000000000000000000000000000000000000000000000000000000000000000000000000000000000000000000000000000000000000000000000000000000000000000000000000000000000000000000000000000000000000000000000000000000000000000>;
P_000001f3f3faee90 .param/l "INIT_6" 0 3 1748, C4<0000000000000000000000000000000000000000000000000000000000000000000000000000000000000000000000000000000000000000000000000000000000000000000000000000000000000000000000000000000000000000000000000000000000000000000000000000000000000000000000000000000000000000>;
P_000001f3f3faeec8 .param/l "INIT_7" 0 3 1749, C4<0000000000000000000000000000000000000000000000000000000000000000000000000000000000000000000000000000000000000000000000000000000000000000000000000000000000000000000000000000000000000000000000000000000000000000000000000000000000000000000000000000000000000000>;
P_000001f3f3faef00 .param/l "INIT_8" 0 3 1750, C4<0000000000000000000000000000000000000000000000000000000000000000000000000000000000000000000000000000000000000000000000000000000000000000000000000000000000000000000000000000000000000000000000000000000000000000000000000000000000000000000000000000000000000000>;
P_000001f3f3faef38 .param/l "INIT_9" 0 3 1751, C4<0000000000000000000000000000000000000000000000000000000000000000000000000000000000000000000000000000000000000000000000000000000000000000000000000000000000000000000000000000000000000000000000000000000000000000000000000000000000000000000000000000000000000000>;
P_000001f3f3faef70 .param/l "INIT_A" 0 3 1752, C4<0000000000000000000000000000000000000000000000000000000000000000000000000000000000000000000000000000000000000000000000000000000000000000000000000000000000000000000000000000000000000000000000000000000000000000000000000000000000000000000000000000000000000000>;
P_000001f3f3faefa8 .param/l "INIT_B" 0 3 1753, C4<0000000000000000000000000000000000000000000000000000000000000000000000000000000000000000000000000000000000000000000000000000000000000000000000000000000000000000000000000000000000000000000000000000000000000000000000000000000000000000000000000000000000000000>;
P_000001f3f3faefe0 .param/l "INIT_C" 0 3 1754, C4<0000000000000000000000000000000000000000000000000000000000000000000000000000000000000000000000000000000000000000000000000000000000000000000000000000000000000000000000000000000000000000000000000000000000000000000000000000000000000000000000000000000000000000>;
P_000001f3f3faf018 .param/l "INIT_D" 0 3 1755, C4<0000000000000000000000000000000000000000000000000000000000000000000000000000000000000000000000000000000000000000000000000000000000000000000000000000000000000000000000000000000000000000000000000000000000000000000000000000000000000000000000000000000000000000>;
P_000001f3f3faf050 .param/l "INIT_E" 0 3 1756, C4<0000000000000000000000000000000000000000000000000000000000000000000000000000000000000000000000000000000000000000000000000000000000000000000000000000000000000000000000000000000000000000000000000000000000000000000000000000000000000000000000000000000000000000>;
P_000001f3f3faf088 .param/l "INIT_F" 0 3 1757, C4<0000000000000000000000000000000000000000000000000000000000000000000000000000000000000000000000000000000000000000000000000000000000000000000000000000000000000000000000000000000000000000000000000000000000000000000000000000000000000000000000000000000000000000>;
P_000001f3f3faf0c0 .param/str "INIT_FILE" 0 3 1759, "\000";
P_000001f3f3faf0f8 .param/l "READ_MODE" 0 3 1740, +C4<00000000000000000000000000000000>;
P_000001f3f3faf130 .param/l "WRITE_MODE" 0 3 1739, +C4<00000000000000000000000000000000>;
o000001f3f425eea8 .functor BUFZ 1, c4<z>; HiZ drive
L_000001f3f4337ec0 .functor NOT 1, o000001f3f425eea8, C4<0>, C4<0>, C4<0>;
o000001f3f425e998 .functor BUFZ 16, c4<zzzzzzzzzzzzzzzz>; HiZ drive
v000001f3f42c5000_0 .net "MASK", 15 0, o000001f3f425e998;  0 drivers
o000001f3f425e9c8 .functor BUFZ 11, c4<zzzzzzzzzzz>; HiZ drive
v000001f3f42c5140_0 .net "RADDR", 10 0, o000001f3f425e9c8;  0 drivers
o000001f3f425ea28 .functor BUFZ 1, c4<z>; HiZ drive
v000001f3f42c51e0_0 .net "RCLKE", 0 0, o000001f3f425ea28;  0 drivers
v000001f3f42c5280_0 .net "RCLKN", 0 0, o000001f3f425eea8;  0 drivers
v000001f3f42c5320_0 .net "RDATA", 15 0, L_000001f3f4338320;  1 drivers
o000001f3f425eab8 .functor BUFZ 1, c4<z>; HiZ drive
v000001f3f42bdd00_0 .net "RE", 0 0, o000001f3f425eab8;  0 drivers
o000001f3f425eb18 .functor BUFZ 11, c4<zzzzzzzzzzz>; HiZ drive
v000001f3f42bec00_0 .net "WADDR", 10 0, o000001f3f425eb18;  0 drivers
o000001f3f425eb48 .functor BUFZ 1, c4<z>; HiZ drive
v000001f3f42bdda0_0 .net "WCLK", 0 0, o000001f3f425eb48;  0 drivers
o000001f3f425eb78 .functor BUFZ 1, c4<z>; HiZ drive
v000001f3f42be2a0_0 .net "WCLKE", 0 0, o000001f3f425eb78;  0 drivers
o000001f3f425eba8 .functor BUFZ 16, c4<zzzzzzzzzzzzzzzz>; HiZ drive
v000001f3f42bf880_0 .net "WDATA", 15 0, o000001f3f425eba8;  0 drivers
o000001f3f425ec08 .functor BUFZ 1, c4<z>; HiZ drive
v000001f3f42beca0_0 .net "WE", 0 0, o000001f3f425ec08;  0 drivers
S_000001f3f4250ee0 .scope module, "RAM" "SB_RAM40_4K" 3 1781, 3 1487 0, S_000001f3f4248030;
 .timescale -12 -12;
    .port_info 0 /OUTPUT 16 "RDATA";
    .port_info 1 /INPUT 1 "RCLK";
    .port_info 2 /INPUT 1 "RCLKE";
    .port_info 3 /INPUT 1 "RE";
    .port_info 4 /INPUT 11 "RADDR";
    .port_info 5 /INPUT 1 "WCLK";
    .port_info 6 /INPUT 1 "WCLKE";
    .port_info 7 /INPUT 1 "WE";
    .port_info 8 /INPUT 11 "WADDR";
    .port_info 9 /INPUT 16 "MASK";
    .port_info 10 /INPUT 16 "WDATA";
P_000001f3f42c57b0 .param/l "INIT_0" 0 3 1507, C4<0000000000000000000000000000000000000000000000000000000000000000000000000000000000000000000000000000000000000000000000000000000000000000000000000000000000000000000000000000000000000000000000000000000000000000000000000000000000000000000000000000000000000000>;
P_000001f3f42c57e8 .param/l "INIT_1" 0 3 1508, C4<0000000000000000000000000000000000000000000000000000000000000000000000000000000000000000000000000000000000000000000000000000000000000000000000000000000000000000000000000000000000000000000000000000000000000000000000000000000000000000000000000000000000000000>;
P_000001f3f42c5820 .param/l "INIT_2" 0 3 1509, C4<0000000000000000000000000000000000000000000000000000000000000000000000000000000000000000000000000000000000000000000000000000000000000000000000000000000000000000000000000000000000000000000000000000000000000000000000000000000000000000000000000000000000000000>;
P_000001f3f42c5858 .param/l "INIT_3" 0 3 1510, C4<0000000000000000000000000000000000000000000000000000000000000000000000000000000000000000000000000000000000000000000000000000000000000000000000000000000000000000000000000000000000000000000000000000000000000000000000000000000000000000000000000000000000000000>;
P_000001f3f42c5890 .param/l "INIT_4" 0 3 1511, C4<0000000000000000000000000000000000000000000000000000000000000000000000000000000000000000000000000000000000000000000000000000000000000000000000000000000000000000000000000000000000000000000000000000000000000000000000000000000000000000000000000000000000000000>;
P_000001f3f42c58c8 .param/l "INIT_5" 0 3 1512, C4<0000000000000000000000000000000000000000000000000000000000000000000000000000000000000000000000000000000000000000000000000000000000000000000000000000000000000000000000000000000000000000000000000000000000000000000000000000000000000000000000000000000000000000>;
P_000001f3f42c5900 .param/l "INIT_6" 0 3 1513, C4<0000000000000000000000000000000000000000000000000000000000000000000000000000000000000000000000000000000000000000000000000000000000000000000000000000000000000000000000000000000000000000000000000000000000000000000000000000000000000000000000000000000000000000>;
P_000001f3f42c5938 .param/l "INIT_7" 0 3 1514, C4<0000000000000000000000000000000000000000000000000000000000000000000000000000000000000000000000000000000000000000000000000000000000000000000000000000000000000000000000000000000000000000000000000000000000000000000000000000000000000000000000000000000000000000>;
P_000001f3f42c5970 .param/l "INIT_8" 0 3 1515, C4<0000000000000000000000000000000000000000000000000000000000000000000000000000000000000000000000000000000000000000000000000000000000000000000000000000000000000000000000000000000000000000000000000000000000000000000000000000000000000000000000000000000000000000>;
P_000001f3f42c59a8 .param/l "INIT_9" 0 3 1516, C4<0000000000000000000000000000000000000000000000000000000000000000000000000000000000000000000000000000000000000000000000000000000000000000000000000000000000000000000000000000000000000000000000000000000000000000000000000000000000000000000000000000000000000000>;
P_000001f3f42c59e0 .param/l "INIT_A" 0 3 1517, C4<0000000000000000000000000000000000000000000000000000000000000000000000000000000000000000000000000000000000000000000000000000000000000000000000000000000000000000000000000000000000000000000000000000000000000000000000000000000000000000000000000000000000000000>;
P_000001f3f42c5a18 .param/l "INIT_B" 0 3 1518, C4<0000000000000000000000000000000000000000000000000000000000000000000000000000000000000000000000000000000000000000000000000000000000000000000000000000000000000000000000000000000000000000000000000000000000000000000000000000000000000000000000000000000000000000>;
P_000001f3f42c5a50 .param/l "INIT_C" 0 3 1519, C4<0000000000000000000000000000000000000000000000000000000000000000000000000000000000000000000000000000000000000000000000000000000000000000000000000000000000000000000000000000000000000000000000000000000000000000000000000000000000000000000000000000000000000000>;
P_000001f3f42c5a88 .param/l "INIT_D" 0 3 1520, C4<0000000000000000000000000000000000000000000000000000000000000000000000000000000000000000000000000000000000000000000000000000000000000000000000000000000000000000000000000000000000000000000000000000000000000000000000000000000000000000000000000000000000000000>;
P_000001f3f42c5ac0 .param/l "INIT_E" 0 3 1521, C4<0000000000000000000000000000000000000000000000000000000000000000000000000000000000000000000000000000000000000000000000000000000000000000000000000000000000000000000000000000000000000000000000000000000000000000000000000000000000000000000000000000000000000000>;
P_000001f3f42c5af8 .param/l "INIT_F" 0 3 1522, C4<0000000000000000000000000000000000000000000000000000000000000000000000000000000000000000000000000000000000000000000000000000000000000000000000000000000000000000000000000000000000000000000000000000000000000000000000000000000000000000000000000000000000000000>;
P_000001f3f42c5b30 .param/str "INIT_FILE" 0 3 1524, "\000";
P_000001f3f42c5b68 .param/l "READ_MODE" 0 3 1505, +C4<00000000000000000000000000000000>;
P_000001f3f42c5ba0 .param/l "WRITE_MODE" 0 3 1504, +C4<00000000000000000000000000000000>;
v000001f3f42c2f80_0 .net "MASK", 15 0, o000001f3f425e998;  alias, 0 drivers
v000001f3f42c3340_0 .net "RADDR", 10 0, o000001f3f425e9c8;  alias, 0 drivers
v000001f3f42c3020_0 .net "RCLK", 0 0, L_000001f3f4337ec0;  1 drivers
v000001f3f42c3160_0 .net "RCLKE", 0 0, o000001f3f425ea28;  alias, 0 drivers
v000001f3f42c3b60_0 .net "RDATA", 15 0, L_000001f3f4338320;  alias, 1 drivers
v000001f3f42c46a0_0 .var "RDATA_I", 15 0;
v000001f3f42c3e80_0 .net "RE", 0 0, o000001f3f425eab8;  alias, 0 drivers
L_000001f3f42d7bb0 .functor BUFT 1, C4<0000000000000000>, C4<0>, C4<0>, C4<0>;
v000001f3f42c42e0_0 .net "RMASK_I", 15 0, L_000001f3f42d7bb0;  1 drivers
v000001f3f42c3ca0_0 .net "WADDR", 10 0, o000001f3f425eb18;  alias, 0 drivers
v000001f3f42c3f20_0 .net "WCLK", 0 0, o000001f3f425eb48;  alias, 0 drivers
v000001f3f42c5640_0 .net "WCLKE", 0 0, o000001f3f425eb78;  alias, 0 drivers
v000001f3f42c5500_0 .net "WDATA", 15 0, o000001f3f425eba8;  alias, 0 drivers
v000001f3f42c53c0_0 .net "WDATA_I", 15 0, L_000001f3f4338710;  1 drivers
v000001f3f42c50a0_0 .net "WE", 0 0, o000001f3f425ec08;  alias, 0 drivers
v000001f3f42c56e0_0 .net "WMASK_I", 15 0, L_000001f3f4338080;  1 drivers
v000001f3f42c5460_0 .var/i "i", 31 0;
v000001f3f42c55a0 .array "memory", 255 0, 15 0;
E_000001f3f421bef0 .event posedge, v000001f3f42c3020_0;
E_000001f3f421b830 .event posedge, v000001f3f42c3f20_0;
S_000001f3f4250260 .scope generate, "genblk1" "genblk1" 3 1534, 3 1534 0, S_000001f3f4250ee0;
 .timescale -12 -12;
L_000001f3f4338080 .functor BUFZ 16, o000001f3f425e998, C4<0000000000000000>, C4<0000000000000000>, C4<0000000000000000>;
S_000001f3f42c6400 .scope generate, "genblk2" "genblk2" 3 1555, 3 1555 0, S_000001f3f4250ee0;
 .timescale -12 -12;
S_000001f3f42c7210 .scope generate, "genblk3" "genblk3" 3 1576, 3 1576 0, S_000001f3f4250ee0;
 .timescale -12 -12;
L_000001f3f4338710 .functor BUFZ 16, o000001f3f425eba8, C4<0000000000000000>, C4<0000000000000000>, C4<0000000000000000>;
S_000001f3f42c68b0 .scope generate, "genblk4" "genblk4" 3 1595, 3 1595 0, S_000001f3f4250ee0;
 .timescale -12 -12;
L_000001f3f4338320 .functor BUFZ 16, v000001f3f42c46a0_0, C4<0000000000000000>, C4<0000000000000000>, C4<0000000000000000>;
S_000001f3f42481c0 .scope module, "SB_RAM40_4KNRNW" "SB_RAM40_4KNRNW" 3 1998;
 .timescale -12 -12;
    .port_info 0 /OUTPUT 16 "RDATA";
    .port_info 1 /INPUT 1 "RCLKN";
    .port_info 2 /INPUT 1 "RCLKE";
    .port_info 3 /INPUT 1 "RE";
    .port_info 4 /INPUT 11 "RADDR";
    .port_info 5 /INPUT 1 "WCLKN";
    .port_info 6 /INPUT 1 "WCLKE";
    .port_info 7 /INPUT 1 "WE";
    .port_info 8 /INPUT 11 "WADDR";
    .port_info 9 /INPUT 16 "MASK";
    .port_info 10 /INPUT 16 "WDATA";
P_000001f3f3fae7c0 .param/l "INIT_0" 0 3 2014, C4<0000000000000000000000000000000000000000000000000000000000000000000000000000000000000000000000000000000000000000000000000000000000000000000000000000000000000000000000000000000000000000000000000000000000000000000000000000000000000000000000000000000000000000>;
P_000001f3f3fae7f8 .param/l "INIT_1" 0 3 2015, C4<0000000000000000000000000000000000000000000000000000000000000000000000000000000000000000000000000000000000000000000000000000000000000000000000000000000000000000000000000000000000000000000000000000000000000000000000000000000000000000000000000000000000000000>;
P_000001f3f3fae830 .param/l "INIT_2" 0 3 2016, C4<0000000000000000000000000000000000000000000000000000000000000000000000000000000000000000000000000000000000000000000000000000000000000000000000000000000000000000000000000000000000000000000000000000000000000000000000000000000000000000000000000000000000000000>;
P_000001f3f3fae868 .param/l "INIT_3" 0 3 2017, C4<0000000000000000000000000000000000000000000000000000000000000000000000000000000000000000000000000000000000000000000000000000000000000000000000000000000000000000000000000000000000000000000000000000000000000000000000000000000000000000000000000000000000000000>;
P_000001f3f3fae8a0 .param/l "INIT_4" 0 3 2018, C4<0000000000000000000000000000000000000000000000000000000000000000000000000000000000000000000000000000000000000000000000000000000000000000000000000000000000000000000000000000000000000000000000000000000000000000000000000000000000000000000000000000000000000000>;
P_000001f3f3fae8d8 .param/l "INIT_5" 0 3 2019, C4<0000000000000000000000000000000000000000000000000000000000000000000000000000000000000000000000000000000000000000000000000000000000000000000000000000000000000000000000000000000000000000000000000000000000000000000000000000000000000000000000000000000000000000>;
P_000001f3f3fae910 .param/l "INIT_6" 0 3 2020, C4<0000000000000000000000000000000000000000000000000000000000000000000000000000000000000000000000000000000000000000000000000000000000000000000000000000000000000000000000000000000000000000000000000000000000000000000000000000000000000000000000000000000000000000>;
P_000001f3f3fae948 .param/l "INIT_7" 0 3 2021, C4<0000000000000000000000000000000000000000000000000000000000000000000000000000000000000000000000000000000000000000000000000000000000000000000000000000000000000000000000000000000000000000000000000000000000000000000000000000000000000000000000000000000000000000>;
P_000001f3f3fae980 .param/l "INIT_8" 0 3 2022, C4<0000000000000000000000000000000000000000000000000000000000000000000000000000000000000000000000000000000000000000000000000000000000000000000000000000000000000000000000000000000000000000000000000000000000000000000000000000000000000000000000000000000000000000>;
P_000001f3f3fae9b8 .param/l "INIT_9" 0 3 2023, C4<0000000000000000000000000000000000000000000000000000000000000000000000000000000000000000000000000000000000000000000000000000000000000000000000000000000000000000000000000000000000000000000000000000000000000000000000000000000000000000000000000000000000000000>;
P_000001f3f3fae9f0 .param/l "INIT_A" 0 3 2024, C4<0000000000000000000000000000000000000000000000000000000000000000000000000000000000000000000000000000000000000000000000000000000000000000000000000000000000000000000000000000000000000000000000000000000000000000000000000000000000000000000000000000000000000000>;
P_000001f3f3faea28 .param/l "INIT_B" 0 3 2025, C4<0000000000000000000000000000000000000000000000000000000000000000000000000000000000000000000000000000000000000000000000000000000000000000000000000000000000000000000000000000000000000000000000000000000000000000000000000000000000000000000000000000000000000000>;
P_000001f3f3faea60 .param/l "INIT_C" 0 3 2026, C4<0000000000000000000000000000000000000000000000000000000000000000000000000000000000000000000000000000000000000000000000000000000000000000000000000000000000000000000000000000000000000000000000000000000000000000000000000000000000000000000000000000000000000000>;
P_000001f3f3faea98 .param/l "INIT_D" 0 3 2027, C4<0000000000000000000000000000000000000000000000000000000000000000000000000000000000000000000000000000000000000000000000000000000000000000000000000000000000000000000000000000000000000000000000000000000000000000000000000000000000000000000000000000000000000000>;
P_000001f3f3faead0 .param/l "INIT_E" 0 3 2028, C4<0000000000000000000000000000000000000000000000000000000000000000000000000000000000000000000000000000000000000000000000000000000000000000000000000000000000000000000000000000000000000000000000000000000000000000000000000000000000000000000000000000000000000000>;
P_000001f3f3faeb08 .param/l "INIT_F" 0 3 2029, C4<0000000000000000000000000000000000000000000000000000000000000000000000000000000000000000000000000000000000000000000000000000000000000000000000000000000000000000000000000000000000000000000000000000000000000000000000000000000000000000000000000000000000000000>;
P_000001f3f3faeb40 .param/str "INIT_FILE" 0 3 2031, "\000";
P_000001f3f3faeb78 .param/l "READ_MODE" 0 3 2012, +C4<00000000000000000000000000000000>;
P_000001f3f3faebb0 .param/l "WRITE_MODE" 0 3 2011, +C4<00000000000000000000000000000000>;
o000001f3f425f5f8 .functor BUFZ 1, c4<z>; HiZ drive
L_000001f3f4338240 .functor NOT 1, o000001f3f425f5f8, C4<0>, C4<0>, C4<0>;
o000001f3f425f628 .functor BUFZ 1, c4<z>; HiZ drive
L_000001f3f4337830 .functor NOT 1, o000001f3f425f628, C4<0>, C4<0>, C4<0>;
o000001f3f425f0e8 .functor BUFZ 16, c4<zzzzzzzzzzzzzzzz>; HiZ drive
v000001f3f42be200_0 .net "MASK", 15 0, o000001f3f425f0e8;  0 drivers
o000001f3f425f118 .functor BUFZ 11, c4<zzzzzzzzzzz>; HiZ drive
v000001f3f42be020_0 .net "RADDR", 10 0, o000001f3f425f118;  0 drivers
o000001f3f425f178 .functor BUFZ 1, c4<z>; HiZ drive
v000001f3f42be480_0 .net "RCLKE", 0 0, o000001f3f425f178;  0 drivers
v000001f3f42bf240_0 .net "RCLKN", 0 0, o000001f3f425f5f8;  0 drivers
v000001f3f42bf9c0_0 .net "RDATA", 15 0, L_000001f3f43387f0;  1 drivers
o000001f3f425f208 .functor BUFZ 1, c4<z>; HiZ drive
v000001f3f42bf420_0 .net "RE", 0 0, o000001f3f425f208;  0 drivers
o000001f3f425f268 .functor BUFZ 11, c4<zzzzzzzzzzz>; HiZ drive
v000001f3f42bf100_0 .net "WADDR", 10 0, o000001f3f425f268;  0 drivers
o000001f3f425f2c8 .functor BUFZ 1, c4<z>; HiZ drive
v000001f3f42bed40_0 .net "WCLKE", 0 0, o000001f3f425f2c8;  0 drivers
v000001f3f42be0c0_0 .net "WCLKN", 0 0, o000001f3f425f628;  0 drivers
o000001f3f425f2f8 .functor BUFZ 16, c4<zzzzzzzzzzzzzzzz>; HiZ drive
v000001f3f42bf6a0_0 .net "WDATA", 15 0, o000001f3f425f2f8;  0 drivers
o000001f3f425f358 .functor BUFZ 1, c4<z>; HiZ drive
v000001f3f42bd800_0 .net "WE", 0 0, o000001f3f425f358;  0 drivers
S_000001f3f42c76c0 .scope module, "RAM" "SB_RAM40_4K" 3 2053, 3 1487 0, S_000001f3f42481c0;
 .timescale -12 -12;
    .port_info 0 /OUTPUT 16 "RDATA";
    .port_info 1 /INPUT 1 "RCLK";
    .port_info 2 /INPUT 1 "RCLKE";
    .port_info 3 /INPUT 1 "RE";
    .port_info 4 /INPUT 11 "RADDR";
    .port_info 5 /INPUT 1 "WCLK";
    .port_info 6 /INPUT 1 "WCLKE";
    .port_info 7 /INPUT 1 "WE";
    .port_info 8 /INPUT 11 "WADDR";
    .port_info 9 /INPUT 16 "MASK";
    .port_info 10 /INPUT 16 "WDATA";
P_000001f3f42c7bf0 .param/l "INIT_0" 0 3 1507, C4<0000000000000000000000000000000000000000000000000000000000000000000000000000000000000000000000000000000000000000000000000000000000000000000000000000000000000000000000000000000000000000000000000000000000000000000000000000000000000000000000000000000000000000>;
P_000001f3f42c7c28 .param/l "INIT_1" 0 3 1508, C4<0000000000000000000000000000000000000000000000000000000000000000000000000000000000000000000000000000000000000000000000000000000000000000000000000000000000000000000000000000000000000000000000000000000000000000000000000000000000000000000000000000000000000000>;
P_000001f3f42c7c60 .param/l "INIT_2" 0 3 1509, C4<0000000000000000000000000000000000000000000000000000000000000000000000000000000000000000000000000000000000000000000000000000000000000000000000000000000000000000000000000000000000000000000000000000000000000000000000000000000000000000000000000000000000000000>;
P_000001f3f42c7c98 .param/l "INIT_3" 0 3 1510, C4<0000000000000000000000000000000000000000000000000000000000000000000000000000000000000000000000000000000000000000000000000000000000000000000000000000000000000000000000000000000000000000000000000000000000000000000000000000000000000000000000000000000000000000>;
P_000001f3f42c7cd0 .param/l "INIT_4" 0 3 1511, C4<0000000000000000000000000000000000000000000000000000000000000000000000000000000000000000000000000000000000000000000000000000000000000000000000000000000000000000000000000000000000000000000000000000000000000000000000000000000000000000000000000000000000000000>;
P_000001f3f42c7d08 .param/l "INIT_5" 0 3 1512, C4<0000000000000000000000000000000000000000000000000000000000000000000000000000000000000000000000000000000000000000000000000000000000000000000000000000000000000000000000000000000000000000000000000000000000000000000000000000000000000000000000000000000000000000>;
P_000001f3f42c7d40 .param/l "INIT_6" 0 3 1513, C4<0000000000000000000000000000000000000000000000000000000000000000000000000000000000000000000000000000000000000000000000000000000000000000000000000000000000000000000000000000000000000000000000000000000000000000000000000000000000000000000000000000000000000000>;
P_000001f3f42c7d78 .param/l "INIT_7" 0 3 1514, C4<0000000000000000000000000000000000000000000000000000000000000000000000000000000000000000000000000000000000000000000000000000000000000000000000000000000000000000000000000000000000000000000000000000000000000000000000000000000000000000000000000000000000000000>;
P_000001f3f42c7db0 .param/l "INIT_8" 0 3 1515, C4<0000000000000000000000000000000000000000000000000000000000000000000000000000000000000000000000000000000000000000000000000000000000000000000000000000000000000000000000000000000000000000000000000000000000000000000000000000000000000000000000000000000000000000>;
P_000001f3f42c7de8 .param/l "INIT_9" 0 3 1516, C4<0000000000000000000000000000000000000000000000000000000000000000000000000000000000000000000000000000000000000000000000000000000000000000000000000000000000000000000000000000000000000000000000000000000000000000000000000000000000000000000000000000000000000000>;
P_000001f3f42c7e20 .param/l "INIT_A" 0 3 1517, C4<0000000000000000000000000000000000000000000000000000000000000000000000000000000000000000000000000000000000000000000000000000000000000000000000000000000000000000000000000000000000000000000000000000000000000000000000000000000000000000000000000000000000000000>;
P_000001f3f42c7e58 .param/l "INIT_B" 0 3 1518, C4<0000000000000000000000000000000000000000000000000000000000000000000000000000000000000000000000000000000000000000000000000000000000000000000000000000000000000000000000000000000000000000000000000000000000000000000000000000000000000000000000000000000000000000>;
P_000001f3f42c7e90 .param/l "INIT_C" 0 3 1519, C4<0000000000000000000000000000000000000000000000000000000000000000000000000000000000000000000000000000000000000000000000000000000000000000000000000000000000000000000000000000000000000000000000000000000000000000000000000000000000000000000000000000000000000000>;
P_000001f3f42c7ec8 .param/l "INIT_D" 0 3 1520, C4<0000000000000000000000000000000000000000000000000000000000000000000000000000000000000000000000000000000000000000000000000000000000000000000000000000000000000000000000000000000000000000000000000000000000000000000000000000000000000000000000000000000000000000>;
P_000001f3f42c7f00 .param/l "INIT_E" 0 3 1521, C4<0000000000000000000000000000000000000000000000000000000000000000000000000000000000000000000000000000000000000000000000000000000000000000000000000000000000000000000000000000000000000000000000000000000000000000000000000000000000000000000000000000000000000000>;
P_000001f3f42c7f38 .param/l "INIT_F" 0 3 1522, C4<0000000000000000000000000000000000000000000000000000000000000000000000000000000000000000000000000000000000000000000000000000000000000000000000000000000000000000000000000000000000000000000000000000000000000000000000000000000000000000000000000000000000000000>;
P_000001f3f42c7f70 .param/str "INIT_FILE" 0 3 1524, "\000";
P_000001f3f42c7fa8 .param/l "READ_MODE" 0 3 1505, +C4<00000000000000000000000000000000>;
P_000001f3f42c7fe0 .param/l "WRITE_MODE" 0 3 1504, +C4<00000000000000000000000000000000>;
v000001f3f42be340_0 .net "MASK", 15 0, o000001f3f425f0e8;  alias, 0 drivers
v000001f3f42be840_0 .net "RADDR", 10 0, o000001f3f425f118;  alias, 0 drivers
v000001f3f42bfb00_0 .net "RCLK", 0 0, L_000001f3f4338240;  1 drivers
v000001f3f42be160_0 .net "RCLKE", 0 0, o000001f3f425f178;  alias, 0 drivers
v000001f3f42bde40_0 .net "RDATA", 15 0, L_000001f3f43387f0;  alias, 1 drivers
v000001f3f42bf600_0 .var "RDATA_I", 15 0;
v000001f3f42bf920_0 .net "RE", 0 0, o000001f3f425f208;  alias, 0 drivers
L_000001f3f42d7bf8 .functor BUFT 1, C4<0000000000000000>, C4<0>, C4<0>, C4<0>;
v000001f3f42bf060_0 .net "RMASK_I", 15 0, L_000001f3f42d7bf8;  1 drivers
v000001f3f42beb60_0 .net "WADDR", 10 0, o000001f3f425f268;  alias, 0 drivers
v000001f3f42be980_0 .net "WCLK", 0 0, L_000001f3f4337830;  1 drivers
v000001f3f42bdee0_0 .net "WCLKE", 0 0, o000001f3f425f2c8;  alias, 0 drivers
v000001f3f42be8e0_0 .net "WDATA", 15 0, o000001f3f425f2f8;  alias, 0 drivers
v000001f3f42be3e0_0 .net "WDATA_I", 15 0, L_000001f3f4338400;  1 drivers
v000001f3f42bdf80_0 .net "WE", 0 0, o000001f3f425f358;  alias, 0 drivers
v000001f3f42bfd80_0 .net "WMASK_I", 15 0, L_000001f3f4337590;  1 drivers
v000001f3f42bf380_0 .var/i "i", 31 0;
v000001f3f42bf7e0 .array "memory", 255 0, 15 0;
E_000001f3f421c2b0 .event posedge, v000001f3f42bfb00_0;
E_000001f3f421bff0 .event posedge, v000001f3f42be980_0;
S_000001f3f42c6590 .scope generate, "genblk1" "genblk1" 3 1534, 3 1534 0, S_000001f3f42c76c0;
 .timescale -12 -12;
L_000001f3f4337590 .functor BUFZ 16, o000001f3f425f0e8, C4<0000000000000000>, C4<0000000000000000>, C4<0000000000000000>;
S_000001f3f42c6ef0 .scope generate, "genblk2" "genblk2" 3 1555, 3 1555 0, S_000001f3f42c76c0;
 .timescale -12 -12;
S_000001f3f42c6720 .scope generate, "genblk3" "genblk3" 3 1576, 3 1576 0, S_000001f3f42c76c0;
 .timescale -12 -12;
L_000001f3f4338400 .functor BUFZ 16, o000001f3f425f2f8, C4<0000000000000000>, C4<0000000000000000>, C4<0000000000000000>;
S_000001f3f42c6d60 .scope generate, "genblk4" "genblk4" 3 1595, 3 1595 0, S_000001f3f42c76c0;
 .timescale -12 -12;
L_000001f3f43387f0 .functor BUFZ 16, v000001f3f42bf600_0, C4<0000000000000000>, C4<0000000000000000>, C4<0000000000000000>;
S_000001f3f4248670 .scope module, "SB_RAM40_4KNW" "SB_RAM40_4KNW" 3 1862;
 .timescale -12 -12;
    .port_info 0 /OUTPUT 16 "RDATA";
    .port_info 1 /INPUT 1 "RCLK";
    .port_info 2 /INPUT 1 "RCLKE";
    .port_info 3 /INPUT 1 "RE";
    .port_info 4 /INPUT 11 "RADDR";
    .port_info 5 /INPUT 1 "WCLKN";
    .port_info 6 /INPUT 1 "WCLKE";
    .port_info 7 /INPUT 1 "WE";
    .port_info 8 /INPUT 11 "WADDR";
    .port_info 9 /INPUT 16 "MASK";
    .port_info 10 /INPUT 16 "WDATA";
P_000001f3f3f66610 .param/l "INIT_0" 0 3 1878, C4<0000000000000000000000000000000000000000000000000000000000000000000000000000000000000000000000000000000000000000000000000000000000000000000000000000000000000000000000000000000000000000000000000000000000000000000000000000000000000000000000000000000000000000>;
P_000001f3f3f66648 .param/l "INIT_1" 0 3 1879, C4<0000000000000000000000000000000000000000000000000000000000000000000000000000000000000000000000000000000000000000000000000000000000000000000000000000000000000000000000000000000000000000000000000000000000000000000000000000000000000000000000000000000000000000>;
P_000001f3f3f66680 .param/l "INIT_2" 0 3 1880, C4<0000000000000000000000000000000000000000000000000000000000000000000000000000000000000000000000000000000000000000000000000000000000000000000000000000000000000000000000000000000000000000000000000000000000000000000000000000000000000000000000000000000000000000>;
P_000001f3f3f666b8 .param/l "INIT_3" 0 3 1881, C4<0000000000000000000000000000000000000000000000000000000000000000000000000000000000000000000000000000000000000000000000000000000000000000000000000000000000000000000000000000000000000000000000000000000000000000000000000000000000000000000000000000000000000000>;
P_000001f3f3f666f0 .param/l "INIT_4" 0 3 1882, C4<0000000000000000000000000000000000000000000000000000000000000000000000000000000000000000000000000000000000000000000000000000000000000000000000000000000000000000000000000000000000000000000000000000000000000000000000000000000000000000000000000000000000000000>;
P_000001f3f3f66728 .param/l "INIT_5" 0 3 1883, C4<0000000000000000000000000000000000000000000000000000000000000000000000000000000000000000000000000000000000000000000000000000000000000000000000000000000000000000000000000000000000000000000000000000000000000000000000000000000000000000000000000000000000000000>;
P_000001f3f3f66760 .param/l "INIT_6" 0 3 1884, C4<0000000000000000000000000000000000000000000000000000000000000000000000000000000000000000000000000000000000000000000000000000000000000000000000000000000000000000000000000000000000000000000000000000000000000000000000000000000000000000000000000000000000000000>;
P_000001f3f3f66798 .param/l "INIT_7" 0 3 1885, C4<0000000000000000000000000000000000000000000000000000000000000000000000000000000000000000000000000000000000000000000000000000000000000000000000000000000000000000000000000000000000000000000000000000000000000000000000000000000000000000000000000000000000000000>;
P_000001f3f3f667d0 .param/l "INIT_8" 0 3 1886, C4<0000000000000000000000000000000000000000000000000000000000000000000000000000000000000000000000000000000000000000000000000000000000000000000000000000000000000000000000000000000000000000000000000000000000000000000000000000000000000000000000000000000000000000>;
P_000001f3f3f66808 .param/l "INIT_9" 0 3 1887, C4<0000000000000000000000000000000000000000000000000000000000000000000000000000000000000000000000000000000000000000000000000000000000000000000000000000000000000000000000000000000000000000000000000000000000000000000000000000000000000000000000000000000000000000>;
P_000001f3f3f66840 .param/l "INIT_A" 0 3 1888, C4<0000000000000000000000000000000000000000000000000000000000000000000000000000000000000000000000000000000000000000000000000000000000000000000000000000000000000000000000000000000000000000000000000000000000000000000000000000000000000000000000000000000000000000>;
P_000001f3f3f66878 .param/l "INIT_B" 0 3 1889, C4<0000000000000000000000000000000000000000000000000000000000000000000000000000000000000000000000000000000000000000000000000000000000000000000000000000000000000000000000000000000000000000000000000000000000000000000000000000000000000000000000000000000000000000>;
P_000001f3f3f668b0 .param/l "INIT_C" 0 3 1890, C4<0000000000000000000000000000000000000000000000000000000000000000000000000000000000000000000000000000000000000000000000000000000000000000000000000000000000000000000000000000000000000000000000000000000000000000000000000000000000000000000000000000000000000000>;
P_000001f3f3f668e8 .param/l "INIT_D" 0 3 1891, C4<0000000000000000000000000000000000000000000000000000000000000000000000000000000000000000000000000000000000000000000000000000000000000000000000000000000000000000000000000000000000000000000000000000000000000000000000000000000000000000000000000000000000000000>;
P_000001f3f3f66920 .param/l "INIT_E" 0 3 1892, C4<0000000000000000000000000000000000000000000000000000000000000000000000000000000000000000000000000000000000000000000000000000000000000000000000000000000000000000000000000000000000000000000000000000000000000000000000000000000000000000000000000000000000000000>;
P_000001f3f3f66958 .param/l "INIT_F" 0 3 1893, C4<0000000000000000000000000000000000000000000000000000000000000000000000000000000000000000000000000000000000000000000000000000000000000000000000000000000000000000000000000000000000000000000000000000000000000000000000000000000000000000000000000000000000000000>;
P_000001f3f3f66990 .param/str "INIT_FILE" 0 3 1895, "\000";
P_000001f3f3f669c8 .param/l "READ_MODE" 0 3 1876, +C4<00000000000000000000000000000000>;
P_000001f3f3f66a00 .param/l "WRITE_MODE" 0 3 1875, +C4<00000000000000000000000000000000>;
o000001f3f425fd78 .functor BUFZ 1, c4<z>; HiZ drive
L_000001f3f4338780 .functor NOT 1, o000001f3f425fd78, C4<0>, C4<0>, C4<0>;
o000001f3f425f868 .functor BUFZ 16, c4<zzzzzzzzzzzzzzzz>; HiZ drive
v000001f3f42bd9e0_0 .net "MASK", 15 0, o000001f3f425f868;  0 drivers
o000001f3f425f898 .functor BUFZ 11, c4<zzzzzzzzzzz>; HiZ drive
v000001f3f42bea20_0 .net "RADDR", 10 0, o000001f3f425f898;  0 drivers
o000001f3f425f8c8 .functor BUFZ 1, c4<z>; HiZ drive
v000001f3f42bda80_0 .net "RCLK", 0 0, o000001f3f425f8c8;  0 drivers
o000001f3f425f8f8 .functor BUFZ 1, c4<z>; HiZ drive
v000001f3f42bdb20_0 .net "RCLKE", 0 0, o000001f3f425f8f8;  0 drivers
v000001f3f42beac0_0 .net "RDATA", 15 0, L_000001f3f43374b0;  1 drivers
o000001f3f425f988 .functor BUFZ 1, c4<z>; HiZ drive
v000001f3f42bede0_0 .net "RE", 0 0, o000001f3f425f988;  0 drivers
o000001f3f425f9e8 .functor BUFZ 11, c4<zzzzzzzzzzz>; HiZ drive
v000001f3f42bf4c0_0 .net "WADDR", 10 0, o000001f3f425f9e8;  0 drivers
o000001f3f425fa48 .functor BUFZ 1, c4<z>; HiZ drive
v000001f3f42bef20_0 .net "WCLKE", 0 0, o000001f3f425fa48;  0 drivers
v000001f3f42befc0_0 .net "WCLKN", 0 0, o000001f3f425fd78;  0 drivers
o000001f3f425fa78 .functor BUFZ 16, c4<zzzzzzzzzzzzzzzz>; HiZ drive
v000001f3f42bdbc0_0 .net "WDATA", 15 0, o000001f3f425fa78;  0 drivers
o000001f3f425fad8 .functor BUFZ 1, c4<z>; HiZ drive
v000001f3f42bf2e0_0 .net "WE", 0 0, o000001f3f425fad8;  0 drivers
S_000001f3f42c60e0 .scope module, "RAM" "SB_RAM40_4K" 3 1917, 3 1487 0, S_000001f3f4248670;
 .timescale -12 -12;
    .port_info 0 /OUTPUT 16 "RDATA";
    .port_info 1 /INPUT 1 "RCLK";
    .port_info 2 /INPUT 1 "RCLKE";
    .port_info 3 /INPUT 1 "RE";
    .port_info 4 /INPUT 11 "RADDR";
    .port_info 5 /INPUT 1 "WCLK";
    .port_info 6 /INPUT 1 "WCLKE";
    .port_info 7 /INPUT 1 "WE";
    .port_info 8 /INPUT 11 "WADDR";
    .port_info 9 /INPUT 16 "MASK";
    .port_info 10 /INPUT 16 "WDATA";
P_000001f3f42ca030 .param/l "INIT_0" 0 3 1507, C4<0000000000000000000000000000000000000000000000000000000000000000000000000000000000000000000000000000000000000000000000000000000000000000000000000000000000000000000000000000000000000000000000000000000000000000000000000000000000000000000000000000000000000000>;
P_000001f3f42ca068 .param/l "INIT_1" 0 3 1508, C4<0000000000000000000000000000000000000000000000000000000000000000000000000000000000000000000000000000000000000000000000000000000000000000000000000000000000000000000000000000000000000000000000000000000000000000000000000000000000000000000000000000000000000000>;
P_000001f3f42ca0a0 .param/l "INIT_2" 0 3 1509, C4<0000000000000000000000000000000000000000000000000000000000000000000000000000000000000000000000000000000000000000000000000000000000000000000000000000000000000000000000000000000000000000000000000000000000000000000000000000000000000000000000000000000000000000>;
P_000001f3f42ca0d8 .param/l "INIT_3" 0 3 1510, C4<0000000000000000000000000000000000000000000000000000000000000000000000000000000000000000000000000000000000000000000000000000000000000000000000000000000000000000000000000000000000000000000000000000000000000000000000000000000000000000000000000000000000000000>;
P_000001f3f42ca110 .param/l "INIT_4" 0 3 1511, C4<0000000000000000000000000000000000000000000000000000000000000000000000000000000000000000000000000000000000000000000000000000000000000000000000000000000000000000000000000000000000000000000000000000000000000000000000000000000000000000000000000000000000000000>;
P_000001f3f42ca148 .param/l "INIT_5" 0 3 1512, C4<0000000000000000000000000000000000000000000000000000000000000000000000000000000000000000000000000000000000000000000000000000000000000000000000000000000000000000000000000000000000000000000000000000000000000000000000000000000000000000000000000000000000000000>;
P_000001f3f42ca180 .param/l "INIT_6" 0 3 1513, C4<0000000000000000000000000000000000000000000000000000000000000000000000000000000000000000000000000000000000000000000000000000000000000000000000000000000000000000000000000000000000000000000000000000000000000000000000000000000000000000000000000000000000000000>;
P_000001f3f42ca1b8 .param/l "INIT_7" 0 3 1514, C4<0000000000000000000000000000000000000000000000000000000000000000000000000000000000000000000000000000000000000000000000000000000000000000000000000000000000000000000000000000000000000000000000000000000000000000000000000000000000000000000000000000000000000000>;
P_000001f3f42ca1f0 .param/l "INIT_8" 0 3 1515, C4<0000000000000000000000000000000000000000000000000000000000000000000000000000000000000000000000000000000000000000000000000000000000000000000000000000000000000000000000000000000000000000000000000000000000000000000000000000000000000000000000000000000000000000>;
P_000001f3f42ca228 .param/l "INIT_9" 0 3 1516, C4<0000000000000000000000000000000000000000000000000000000000000000000000000000000000000000000000000000000000000000000000000000000000000000000000000000000000000000000000000000000000000000000000000000000000000000000000000000000000000000000000000000000000000000>;
P_000001f3f42ca260 .param/l "INIT_A" 0 3 1517, C4<0000000000000000000000000000000000000000000000000000000000000000000000000000000000000000000000000000000000000000000000000000000000000000000000000000000000000000000000000000000000000000000000000000000000000000000000000000000000000000000000000000000000000000>;
P_000001f3f42ca298 .param/l "INIT_B" 0 3 1518, C4<0000000000000000000000000000000000000000000000000000000000000000000000000000000000000000000000000000000000000000000000000000000000000000000000000000000000000000000000000000000000000000000000000000000000000000000000000000000000000000000000000000000000000000>;
P_000001f3f42ca2d0 .param/l "INIT_C" 0 3 1519, C4<0000000000000000000000000000000000000000000000000000000000000000000000000000000000000000000000000000000000000000000000000000000000000000000000000000000000000000000000000000000000000000000000000000000000000000000000000000000000000000000000000000000000000000>;
P_000001f3f42ca308 .param/l "INIT_D" 0 3 1520, C4<0000000000000000000000000000000000000000000000000000000000000000000000000000000000000000000000000000000000000000000000000000000000000000000000000000000000000000000000000000000000000000000000000000000000000000000000000000000000000000000000000000000000000000>;
P_000001f3f42ca340 .param/l "INIT_E" 0 3 1521, C4<0000000000000000000000000000000000000000000000000000000000000000000000000000000000000000000000000000000000000000000000000000000000000000000000000000000000000000000000000000000000000000000000000000000000000000000000000000000000000000000000000000000000000000>;
P_000001f3f42ca378 .param/l "INIT_F" 0 3 1522, C4<0000000000000000000000000000000000000000000000000000000000000000000000000000000000000000000000000000000000000000000000000000000000000000000000000000000000000000000000000000000000000000000000000000000000000000000000000000000000000000000000000000000000000000>;
P_000001f3f42ca3b0 .param/str "INIT_FILE" 0 3 1524, "\000";
P_000001f3f42ca3e8 .param/l "READ_MODE" 0 3 1505, +C4<00000000000000000000000000000000>;
P_000001f3f42ca420 .param/l "WRITE_MODE" 0 3 1504, +C4<00000000000000000000000000000000>;
v000001f3f42be520_0 .net "MASK", 15 0, o000001f3f425f868;  alias, 0 drivers
v000001f3f42be5c0_0 .net "RADDR", 10 0, o000001f3f425f898;  alias, 0 drivers
v000001f3f42be660_0 .net "RCLK", 0 0, o000001f3f425f8c8;  alias, 0 drivers
v000001f3f42bfa60_0 .net "RCLKE", 0 0, o000001f3f425f8f8;  alias, 0 drivers
v000001f3f42bfba0_0 .net "RDATA", 15 0, L_000001f3f43374b0;  alias, 1 drivers
v000001f3f42bf740_0 .var "RDATA_I", 15 0;
v000001f3f42bfe20_0 .net "RE", 0 0, o000001f3f425f988;  alias, 0 drivers
L_000001f3f42d7c40 .functor BUFT 1, C4<0000000000000000>, C4<0>, C4<0>, C4<0>;
v000001f3f42bfc40_0 .net "RMASK_I", 15 0, L_000001f3f42d7c40;  1 drivers
v000001f3f42bfce0_0 .net "WADDR", 10 0, o000001f3f425f9e8;  alias, 0 drivers
v000001f3f42be700_0 .net "WCLK", 0 0, L_000001f3f4338780;  1 drivers
v000001f3f42bfec0_0 .net "WCLKE", 0 0, o000001f3f425fa48;  alias, 0 drivers
v000001f3f42bf1a0_0 .net "WDATA", 15 0, o000001f3f425fa78;  alias, 0 drivers
v000001f3f42bff60_0 .net "WDATA_I", 15 0, L_000001f3f4337600;  1 drivers
v000001f3f42bd8a0_0 .net "WE", 0 0, o000001f3f425fad8;  alias, 0 drivers
v000001f3f42bd940_0 .net "WMASK_I", 15 0, L_000001f3f4337a60;  1 drivers
v000001f3f42be7a0_0 .var/i "i", 31 0;
v000001f3f42bee80 .array "memory", 255 0, 15 0;
E_000001f3f421c2f0 .event posedge, v000001f3f42be660_0;
E_000001f3f421c030 .event posedge, v000001f3f42be700_0;
S_000001f3f42c73a0 .scope generate, "genblk1" "genblk1" 3 1534, 3 1534 0, S_000001f3f42c60e0;
 .timescale -12 -12;
L_000001f3f4337a60 .functor BUFZ 16, o000001f3f425f868, C4<0000000000000000>, C4<0000000000000000>, C4<0000000000000000>;
S_000001f3f42c7080 .scope generate, "genblk2" "genblk2" 3 1555, 3 1555 0, S_000001f3f42c60e0;
 .timescale -12 -12;
S_000001f3f42c7850 .scope generate, "genblk3" "genblk3" 3 1576, 3 1576 0, S_000001f3f42c60e0;
 .timescale -12 -12;
L_000001f3f4337600 .functor BUFZ 16, o000001f3f425fa78, C4<0000000000000000>, C4<0000000000000000>, C4<0000000000000000>;
S_000001f3f42c79e0 .scope generate, "genblk4" "genblk4" 3 1595, 3 1595 0, S_000001f3f42c60e0;
 .timescale -12 -12;
L_000001f3f43374b0 .functor BUFZ 16, v000001f3f42bf740_0, C4<0000000000000000>, C4<0000000000000000>, C4<0000000000000000>;
S_000001f3f4250580 .scope module, "SB_RGBA_DRV" "SB_RGBA_DRV" 3 2692;
 .timescale -12 -12;
    .port_info 0 /INPUT 1 "CURREN";
    .port_info 1 /INPUT 1 "RGBLEDEN";
    .port_info 2 /INPUT 1 "RGB0PWM";
    .port_info 3 /INPUT 1 "RGB1PWM";
    .port_info 4 /INPUT 1 "RGB2PWM";
    .port_info 5 /OUTPUT 1 "RGB0";
    .port_info 6 /OUTPUT 1 "RGB1";
    .port_info 7 /OUTPUT 1 "RGB2";
P_000001f3f3fb22d0 .param/str "CURRENT_MODE" 0 3 2702, "0b0";
P_000001f3f3fb2308 .param/str "RGB0_CURRENT" 0 3 2703, "0b000000";
P_000001f3f3fb2340 .param/str "RGB1_CURRENT" 0 3 2704, "0b000000";
P_000001f3f3fb2378 .param/str "RGB2_CURRENT" 0 3 2705, "0b000000";
o000001f3f425ffb8 .functor BUFZ 1, c4<z>; HiZ drive
v000001f3f42bf560_0 .net "CURREN", 0 0, o000001f3f425ffb8;  0 drivers
o000001f3f425ffe8 .functor BUFZ 1, c4<z>; HiZ drive
v000001f3f42bdc60_0 .net "RGB0", 0 0, o000001f3f425ffe8;  0 drivers
o000001f3f4260018 .functor BUFZ 1, c4<z>; HiZ drive
v000001f3f42c0780_0 .net "RGB0PWM", 0 0, o000001f3f4260018;  0 drivers
o000001f3f4260048 .functor BUFZ 1, c4<z>; HiZ drive
v000001f3f42c2300_0 .net "RGB1", 0 0, o000001f3f4260048;  0 drivers
o000001f3f4260078 .functor BUFZ 1, c4<z>; HiZ drive
v000001f3f42c1900_0 .net "RGB1PWM", 0 0, o000001f3f4260078;  0 drivers
o000001f3f42600a8 .functor BUFZ 1, c4<z>; HiZ drive
v000001f3f42c0640_0 .net "RGB2", 0 0, o000001f3f42600a8;  0 drivers
o000001f3f42600d8 .functor BUFZ 1, c4<z>; HiZ drive
v000001f3f42c00a0_0 .net "RGB2PWM", 0 0, o000001f3f42600d8;  0 drivers
o000001f3f4260108 .functor BUFZ 1, c4<z>; HiZ drive
v000001f3f42c1e00_0 .net "RGBLEDEN", 0 0, o000001f3f4260108;  0 drivers
S_000001f3f4251520 .scope module, "SB_RGB_DRV" "SB_RGB_DRV" 3 2716;
 .timescale -12 -12;
    .port_info 0 /INPUT 1 "RGBLEDEN";
    .port_info 1 /INPUT 1 "RGB0PWM";
    .port_info 2 /INPUT 1 "RGB1PWM";
    .port_info 3 /INPUT 1 "RGB2PWM";
    .port_info 4 /INPUT 1 "RGBPU";
    .port_info 5 /OUTPUT 1 "RGB0";
    .port_info 6 /OUTPUT 1 "RGB1";
    .port_info 7 /OUTPUT 1 "RGB2";
P_000001f3f3fb0d50 .param/str "CURRENT_MODE" 0 3 2726, "0b0";
P_000001f3f3fb0d88 .param/str "RGB0_CURRENT" 0 3 2727, "0b000000";
P_000001f3f3fb0dc0 .param/str "RGB1_CURRENT" 0 3 2728, "0b000000";
P_000001f3f3fb0df8 .param/str "RGB2_CURRENT" 0 3 2729, "0b000000";
o000001f3f42602b8 .functor BUFZ 1, c4<z>; HiZ drive
v000001f3f42c1ae0_0 .net "RGB0", 0 0, o000001f3f42602b8;  0 drivers
o000001f3f42602e8 .functor BUFZ 1, c4<z>; HiZ drive
v000001f3f42c1cc0_0 .net "RGB0PWM", 0 0, o000001f3f42602e8;  0 drivers
o000001f3f4260318 .functor BUFZ 1, c4<z>; HiZ drive
v000001f3f42c1d60_0 .net "RGB1", 0 0, o000001f3f4260318;  0 drivers
o000001f3f4260348 .functor BUFZ 1, c4<z>; HiZ drive
v000001f3f42c1540_0 .net "RGB1PWM", 0 0, o000001f3f4260348;  0 drivers
o000001f3f4260378 .functor BUFZ 1, c4<z>; HiZ drive
v000001f3f42c1fe0_0 .net "RGB2", 0 0, o000001f3f4260378;  0 drivers
o000001f3f42603a8 .functor BUFZ 1, c4<z>; HiZ drive
v000001f3f42c17c0_0 .net "RGB2PWM", 0 0, o000001f3f42603a8;  0 drivers
o000001f3f42603d8 .functor BUFZ 1, c4<z>; HiZ drive
v000001f3f42c0500_0 .net "RGBLEDEN", 0 0, o000001f3f42603d8;  0 drivers
o000001f3f4260408 .functor BUFZ 1, c4<z>; HiZ drive
v000001f3f42c2760_0 .net "RGBPU", 0 0, o000001f3f4260408;  0 drivers
S_000001f3f42508a0 .scope module, "SB_SPI" "SB_SPI" 3 2776;
 .timescale -12 -12;
    .port_info 0 /INPUT 1 "SBCLKI";
    .port_info 1 /INPUT 1 "SBRWI";
    .port_info 2 /INPUT 1 "SBSTBI";
    .port_info 3 /INPUT 1 "SBADRI7";
    .port_info 4 /INPUT 1 "SBADRI6";
    .port_info 5 /INPUT 1 "SBADRI5";
    .port_info 6 /INPUT 1 "SBADRI4";
    .port_info 7 /INPUT 1 "SBADRI3";
    .port_info 8 /INPUT 1 "SBADRI2";
    .port_info 9 /INPUT 1 "SBADRI1";
    .port_info 10 /INPUT 1 "SBADRI0";
    .port_info 11 /INPUT 1 "SBDATI7";
    .port_info 12 /INPUT 1 "SBDATI6";
    .port_info 13 /INPUT 1 "SBDATI5";
    .port_info 14 /INPUT 1 "SBDATI4";
    .port_info 15 /INPUT 1 "SBDATI3";
    .port_info 16 /INPUT 1 "SBDATI2";
    .port_info 17 /INPUT 1 "SBDATI1";
    .port_info 18 /INPUT 1 "SBDATI0";
    .port_info 19 /INPUT 1 "MI";
    .port_info 20 /INPUT 1 "SI";
    .port_info 21 /INPUT 1 "SCKI";
    .port_info 22 /INPUT 1 "SCSNI";
    .port_info 23 /OUTPUT 1 "SBDATO7";
    .port_info 24 /OUTPUT 1 "SBDATO6";
    .port_info 25 /OUTPUT 1 "SBDATO5";
    .port_info 26 /OUTPUT 1 "SBDATO4";
    .port_info 27 /OUTPUT 1 "SBDATO3";
    .port_info 28 /OUTPUT 1 "SBDATO2";
    .port_info 29 /OUTPUT 1 "SBDATO1";
    .port_info 30 /OUTPUT 1 "SBDATO0";
    .port_info 31 /OUTPUT 1 "SBACKO";
    .port_info 32 /OUTPUT 1 "SPIIRQ";
    .port_info 33 /OUTPUT 1 "SPIWKUP";
    .port_info 34 /OUTPUT 1 "SO";
    .port_info 35 /OUTPUT 1 "SOE";
    .port_info 36 /OUTPUT 1 "MO";
    .port_info 37 /OUTPUT 1 "MOE";
    .port_info 38 /OUTPUT 1 "SCKO";
    .port_info 39 /OUTPUT 1 "SCKOE";
    .port_info 40 /OUTPUT 1 "MCSNO3";
    .port_info 41 /OUTPUT 1 "MCSNO2";
    .port_info 42 /OUTPUT 1 "MCSNO1";
    .port_info 43 /OUTPUT 1 "MCSNO0";
    .port_info 44 /OUTPUT 1 "MCSNOE3";
    .port_info 45 /OUTPUT 1 "MCSNOE2";
    .port_info 46 /OUTPUT 1 "MCSNOE1";
    .port_info 47 /OUTPUT 1 "MCSNOE0";
P_000001f3f421b370 .param/str "BUS_ADDR74" 0 3 2826, "0b0000";
o000001f3f42605b8 .functor BUFZ 1, c4<z>; HiZ drive
v000001f3f42c19a0_0 .net "MCSNO0", 0 0, o000001f3f42605b8;  0 drivers
o000001f3f42605e8 .functor BUFZ 1, c4<z>; HiZ drive
v000001f3f42c0e60_0 .net "MCSNO1", 0 0, o000001f3f42605e8;  0 drivers
o000001f3f4260618 .functor BUFZ 1, c4<z>; HiZ drive
v000001f3f42c08c0_0 .net "MCSNO2", 0 0, o000001f3f4260618;  0 drivers
o000001f3f4260648 .functor BUFZ 1, c4<z>; HiZ drive
v000001f3f42c0f00_0 .net "MCSNO3", 0 0, o000001f3f4260648;  0 drivers
o000001f3f4260678 .functor BUFZ 1, c4<z>; HiZ drive
v000001f3f42c1040_0 .net "MCSNOE0", 0 0, o000001f3f4260678;  0 drivers
o000001f3f42606a8 .functor BUFZ 1, c4<z>; HiZ drive
v000001f3f42c1f40_0 .net "MCSNOE1", 0 0, o000001f3f42606a8;  0 drivers
o000001f3f42606d8 .functor BUFZ 1, c4<z>; HiZ drive
v000001f3f42c15e0_0 .net "MCSNOE2", 0 0, o000001f3f42606d8;  0 drivers
o000001f3f4260708 .functor BUFZ 1, c4<z>; HiZ drive
v000001f3f42c0960_0 .net "MCSNOE3", 0 0, o000001f3f4260708;  0 drivers
o000001f3f4260738 .functor BUFZ 1, c4<z>; HiZ drive
v000001f3f42c06e0_0 .net "MI", 0 0, o000001f3f4260738;  0 drivers
o000001f3f4260768 .functor BUFZ 1, c4<z>; HiZ drive
v000001f3f42c2080_0 .net "MO", 0 0, o000001f3f4260768;  0 drivers
o000001f3f4260798 .functor BUFZ 1, c4<z>; HiZ drive
v000001f3f42c2440_0 .net "MOE", 0 0, o000001f3f4260798;  0 drivers
o000001f3f42607c8 .functor BUFZ 1, c4<z>; HiZ drive
v000001f3f42c2120_0 .net "SBACKO", 0 0, o000001f3f42607c8;  0 drivers
o000001f3f42607f8 .functor BUFZ 1, c4<z>; HiZ drive
v000001f3f42c1860_0 .net "SBADRI0", 0 0, o000001f3f42607f8;  0 drivers
o000001f3f4260828 .functor BUFZ 1, c4<z>; HiZ drive
v000001f3f42c0a00_0 .net "SBADRI1", 0 0, o000001f3f4260828;  0 drivers
o000001f3f4260858 .functor BUFZ 1, c4<z>; HiZ drive
v000001f3f42c0c80_0 .net "SBADRI2", 0 0, o000001f3f4260858;  0 drivers
o000001f3f4260888 .functor BUFZ 1, c4<z>; HiZ drive
v000001f3f42c10e0_0 .net "SBADRI3", 0 0, o000001f3f4260888;  0 drivers
o000001f3f42608b8 .functor BUFZ 1, c4<z>; HiZ drive
v000001f3f42c05a0_0 .net "SBADRI4", 0 0, o000001f3f42608b8;  0 drivers
o000001f3f42608e8 .functor BUFZ 1, c4<z>; HiZ drive
v000001f3f42c1180_0 .net "SBADRI5", 0 0, o000001f3f42608e8;  0 drivers
o000001f3f4260918 .functor BUFZ 1, c4<z>; HiZ drive
v000001f3f42c0be0_0 .net "SBADRI6", 0 0, o000001f3f4260918;  0 drivers
o000001f3f4260948 .functor BUFZ 1, c4<z>; HiZ drive
v000001f3f42c0d20_0 .net "SBADRI7", 0 0, o000001f3f4260948;  0 drivers
o000001f3f4260978 .functor BUFZ 1, c4<z>; HiZ drive
v000001f3f42c0820_0 .net "SBCLKI", 0 0, o000001f3f4260978;  0 drivers
o000001f3f42609a8 .functor BUFZ 1, c4<z>; HiZ drive
v000001f3f42c2580_0 .net "SBDATI0", 0 0, o000001f3f42609a8;  0 drivers
o000001f3f42609d8 .functor BUFZ 1, c4<z>; HiZ drive
v000001f3f42c1680_0 .net "SBDATI1", 0 0, o000001f3f42609d8;  0 drivers
o000001f3f4260a08 .functor BUFZ 1, c4<z>; HiZ drive
v000001f3f42c0fa0_0 .net "SBDATI2", 0 0, o000001f3f4260a08;  0 drivers
o000001f3f4260a38 .functor BUFZ 1, c4<z>; HiZ drive
v000001f3f42c21c0_0 .net "SBDATI3", 0 0, o000001f3f4260a38;  0 drivers
o000001f3f4260a68 .functor BUFZ 1, c4<z>; HiZ drive
v000001f3f42c1360_0 .net "SBDATI4", 0 0, o000001f3f4260a68;  0 drivers
o000001f3f4260a98 .functor BUFZ 1, c4<z>; HiZ drive
v000001f3f42c0aa0_0 .net "SBDATI5", 0 0, o000001f3f4260a98;  0 drivers
o000001f3f4260ac8 .functor BUFZ 1, c4<z>; HiZ drive
v000001f3f42c0000_0 .net "SBDATI6", 0 0, o000001f3f4260ac8;  0 drivers
o000001f3f4260af8 .functor BUFZ 1, c4<z>; HiZ drive
v000001f3f42c0320_0 .net "SBDATI7", 0 0, o000001f3f4260af8;  0 drivers
o000001f3f4260b28 .functor BUFZ 1, c4<z>; HiZ drive
v000001f3f42c0140_0 .net "SBDATO0", 0 0, o000001f3f4260b28;  0 drivers
o000001f3f4260b58 .functor BUFZ 1, c4<z>; HiZ drive
v000001f3f42c2260_0 .net "SBDATO1", 0 0, o000001f3f4260b58;  0 drivers
o000001f3f4260b88 .functor BUFZ 1, c4<z>; HiZ drive
v000001f3f42c23a0_0 .net "SBDATO2", 0 0, o000001f3f4260b88;  0 drivers
o000001f3f4260bb8 .functor BUFZ 1, c4<z>; HiZ drive
v000001f3f42c0b40_0 .net "SBDATO3", 0 0, o000001f3f4260bb8;  0 drivers
o000001f3f4260be8 .functor BUFZ 1, c4<z>; HiZ drive
v000001f3f42c1a40_0 .net "SBDATO4", 0 0, o000001f3f4260be8;  0 drivers
o000001f3f4260c18 .functor BUFZ 1, c4<z>; HiZ drive
v000001f3f42c1ea0_0 .net "SBDATO5", 0 0, o000001f3f4260c18;  0 drivers
o000001f3f4260c48 .functor BUFZ 1, c4<z>; HiZ drive
v000001f3f42c1220_0 .net "SBDATO6", 0 0, o000001f3f4260c48;  0 drivers
o000001f3f4260c78 .functor BUFZ 1, c4<z>; HiZ drive
v000001f3f42c0dc0_0 .net "SBDATO7", 0 0, o000001f3f4260c78;  0 drivers
o000001f3f4260ca8 .functor BUFZ 1, c4<z>; HiZ drive
v000001f3f42c12c0_0 .net "SBRWI", 0 0, o000001f3f4260ca8;  0 drivers
o000001f3f4260cd8 .functor BUFZ 1, c4<z>; HiZ drive
v000001f3f42c1400_0 .net "SBSTBI", 0 0, o000001f3f4260cd8;  0 drivers
o000001f3f4260d08 .functor BUFZ 1, c4<z>; HiZ drive
v000001f3f42c0460_0 .net "SCKI", 0 0, o000001f3f4260d08;  0 drivers
o000001f3f4260d38 .functor BUFZ 1, c4<z>; HiZ drive
v000001f3f42c14a0_0 .net "SCKO", 0 0, o000001f3f4260d38;  0 drivers
o000001f3f4260d68 .functor BUFZ 1, c4<z>; HiZ drive
v000001f3f42c1b80_0 .net "SCKOE", 0 0, o000001f3f4260d68;  0 drivers
o000001f3f4260d98 .functor BUFZ 1, c4<z>; HiZ drive
v000001f3f42c1720_0 .net "SCSNI", 0 0, o000001f3f4260d98;  0 drivers
o000001f3f4260dc8 .functor BUFZ 1, c4<z>; HiZ drive
v000001f3f42c24e0_0 .net "SI", 0 0, o000001f3f4260dc8;  0 drivers
o000001f3f4260df8 .functor BUFZ 1, c4<z>; HiZ drive
v000001f3f42c2620_0 .net "SO", 0 0, o000001f3f4260df8;  0 drivers
o000001f3f4260e28 .functor BUFZ 1, c4<z>; HiZ drive
v000001f3f42c26c0_0 .net "SOE", 0 0, o000001f3f4260e28;  0 drivers
o000001f3f4260e58 .functor BUFZ 1, c4<z>; HiZ drive
v000001f3f42c1c20_0 .net "SPIIRQ", 0 0, o000001f3f4260e58;  0 drivers
o000001f3f4260e88 .functor BUFZ 1, c4<z>; HiZ drive
v000001f3f42c01e0_0 .net "SPIWKUP", 0 0, o000001f3f4260e88;  0 drivers
S_000001f3f4250a30 .scope module, "SB_SPRAM256KA" "SB_SPRAM256KA" 3 2600;
 .timescale -12 -12;
    .port_info 0 /INPUT 14 "ADDRESS";
    .port_info 1 /INPUT 16 "DATAIN";
    .port_info 2 /INPUT 4 "MASKWREN";
    .port_info 3 /INPUT 1 "WREN";
    .port_info 4 /INPUT 1 "CHIPSELECT";
    .port_info 5 /INPUT 1 "CLOCK";
    .port_info 6 /INPUT 1 "STANDBY";
    .port_info 7 /INPUT 1 "SLEEP";
    .port_info 8 /INPUT 1 "POWEROFF";
    .port_info 9 /OUTPUT 16 "DATAOUT";
o000001f3f4261908 .functor BUFZ 1, c4<z>; HiZ drive
L_000001f3f43386a0 .functor OR 1, o000001f3f4261908, L_000001f3f4331a70, C4<0>, C4<0>;
o000001f3f42617b8 .functor BUFZ 14, c4<zzzzzzzzzzzzzz>; HiZ drive
v000001f3f42c0280_0 .net "ADDRESS", 13 0, o000001f3f42617b8;  0 drivers
o000001f3f42617e8 .functor BUFZ 1, c4<z>; HiZ drive
v000001f3f42c03c0_0 .net "CHIPSELECT", 0 0, o000001f3f42617e8;  0 drivers
o000001f3f4261818 .functor BUFZ 1, c4<z>; HiZ drive
v000001f3f42cf4f0_0 .net "CLOCK", 0 0, o000001f3f4261818;  0 drivers
o000001f3f4261848 .functor BUFZ 16, c4<zzzzzzzzzzzzzzzz>; HiZ drive
v000001f3f42cf590_0 .net "DATAIN", 15 0, o000001f3f4261848;  0 drivers
v000001f3f42cf1d0_0 .var "DATAOUT", 15 0;
o000001f3f42618a8 .functor BUFZ 4, c4<zzzz>; HiZ drive
v000001f3f42cf270_0 .net "MASKWREN", 3 0, o000001f3f42618a8;  0 drivers
o000001f3f42618d8 .functor BUFZ 1, c4<z>; HiZ drive
v000001f3f42cee10_0 .net "POWEROFF", 0 0, o000001f3f42618d8;  0 drivers
v000001f3f42cd010_0 .net "SLEEP", 0 0, o000001f3f4261908;  0 drivers
o000001f3f4261938 .functor BUFZ 1, c4<z>; HiZ drive
v000001f3f42cdf10_0 .net "STANDBY", 0 0, o000001f3f4261938;  0 drivers
o000001f3f4261968 .functor BUFZ 1, c4<z>; HiZ drive
v000001f3f42cdd30_0 .net "WREN", 0 0, o000001f3f4261968;  0 drivers
v000001f3f42ceff0_0 .net *"_ivl_1", 0 0, L_000001f3f4331a70;  1 drivers
v000001f3f42ce730_0 .var/i "i", 31 0;
v000001f3f42cf630 .array "mem", 16383 0, 15 0;
v000001f3f42ce690_0 .net "off", 0 0, L_000001f3f43386a0;  1 drivers
E_000001f3f421c330 .event posedge, v000001f3f42ce690_0, v000001f3f42cf4f0_0;
E_000001f3f421c470 .event negedge, v000001f3f42cee10_0;
L_000001f3f4331a70 .reduce/nor o000001f3f42618d8;
S_000001f3f42503f0 .scope module, "SB_WARMBOOT" "SB_WARMBOOT" 3 2593;
 .timescale -12 -12;
    .port_info 0 /INPUT 1 "BOOT";
    .port_info 1 /INPUT 1 "S1";
    .port_info 2 /INPUT 1 "S0";
o000001f3f4261c08 .functor BUFZ 1, c4<z>; HiZ drive
v000001f3f42ce230_0 .net "BOOT", 0 0, o000001f3f4261c08;  0 drivers
o000001f3f4261c38 .functor BUFZ 1, c4<z>; HiZ drive
v000001f3f42cced0_0 .net "S0", 0 0, o000001f3f4261c38;  0 drivers
o000001f3f4261c68 .functor BUFZ 1, c4<z>; HiZ drive
v000001f3f42ce370_0 .net "S1", 0 0, o000001f3f4261c68;  0 drivers
S_000001f3f4250bc0 .scope module, "tb_design" "tb_design" 4 5;
 .timescale -9 -12;
v000001f3f42cbd50_0 .var "bits", 9 0;
v000001f3f42cba30_0 .net "bits_", 7 0, L_000001f3f4336070;  1 drivers
v000001f3f42cbf30_0 .net "o_bits", 3 0, L_000001f3f4336bb0;  1 drivers
v000001f3f42cc2f0_0 .net "one", 0 0, L_000001f3f43393c0;  1 drivers
v000001f3f42cc250_0 .net "two", 0 0, L_000001f3f433a0e0;  1 drivers
S_000001f3f42c5c30 .scope module, "uut" "priority_encoder" 4 12, 5 3 0, S_000001f3f4250bc0;
 .timescale -12 -12;
    .port_info 0 /INPUT 10 "bits";
    .port_info 1 /OUTPUT 4 "o_bits";
    .port_info 2 /OUTPUT 8 "bits_";
    .port_info 3 /OUTPUT 1 "im123_";
    .port_info 4 /OUTPUT 1 "im567_";
L_000001f3f4338860 .functor OR 1, L_000001f3f43320b0, L_000001f3f4331d90, C4<0>, C4<0>;
L_000001f3f43389b0 .functor AND 1, L_000001f3f43325b0, L_000001f3f4332010, C4<1>, C4<1>;
L_000001f3f4338010 .functor OR 1, L_000001f3f43389b0, L_000001f3f4332830, C4<0>, C4<0>;
L_000001f3f4337980 .functor AND 1, L_000001f3f4332150, L_000001f3f43335f0, L_000001f3f4332290, C4<1>;
L_000001f3f43384e0 .functor OR 1, L_000001f3f4337980, L_000001f3f4332970, C4<0>, C4<0>;
L_000001f3f43378a0 .functor AND 1, L_000001f3f4332790, L_000001f3f4332ab0, L_000001f3f43328d0, L_000001f3f4332b50;
L_000001f3f43379f0 .functor OR 1, L_000001f3f43378a0, L_000001f3f4333d70, C4<0>, C4<0>;
L_000001f3f4338630 .functor AND 1, L_000001f3f4333e10, L_000001f3f4334950, L_000001f3f43353f0, C4<1>;
L_000001f3f4338ef0 .functor AND 1, L_000001f3f4334270, L_000001f3f43361b0, C4<1>, C4<1>;
L_000001f3f43385c0 .functor AND 1, L_000001f3f4334d10, L_000001f3f4334e50, C4<1>, C4<1>;
L_000001f3f4337ad0 .functor OR 1, L_000001f3f43358f0, L_000001f3f4334ef0, C4<0>, C4<0>;
L_000001f3f4338e80 .functor AND 1, L_000001f3f4335df0, L_000001f3f43362f0, L_000001f3f4335d50, C4<1>;
L_000001f3f4338940 .functor AND 1, L_000001f3f4334310, L_000001f3f43364d0, L_000001f3f4334bd0, C4<1>;
L_000001f3f4337fa0 .functor AND 1, L_000001f3f43355d0, L_000001f3f4335e90, C4<1>, C4<1>;
L_000001f3f4338d30 .functor OR 1, L_000001f3f4336390, L_000001f3f4336430, C4<0>, C4<0>;
L_000001f3f4338a20 .functor AND 1, L_000001f3f4335c10, L_000001f3f4335170, L_000001f3f4335350, L_000001f3f4334b30;
L_000001f3f4338da0 .functor AND 1, L_000001f3f4336890, L_000001f3f4336750, L_000001f3f43350d0, C4<1>;
L_000001f3f4338e10 .functor AND 1, L_000001f3f43367f0, L_000001f3f43349f0, C4<1>, C4<1>;
L_000001f3f4337c20 .functor OR 1, L_000001f3f4335a30, L_000001f3f4334db0, L_000001f3f4335f30, L_000001f3f4336610;
L_000001f3f4338f60 .functor BUF 1, L_000001f3f4334c70, C4<0>, C4<0>, C4<0>;
L_000001f3f4337bb0 .functor NAND 1, L_000001f3f4334130, L_000001f3f43352b0, L_000001f3f4335670, L_000001f3f4336570;
L_000001f3f4337c90 .functor NAND 1, L_000001f3f4335210, L_000001f3f43366b0, L_000001f3f4335ad0, L_000001f3f4336250;
L_000001f3f43380f0 .functor OR 1, L_000001f3f4335b70, L_000001f3f4336110, C4<0>, C4<0>;
L_000001f3f43373d0 .functor NOR 1, L_000001f3f4335710, L_000001f3f43341d0, L_000001f3f43343b0, C4<0>;
L_000001f3f4337440 .functor NOT 1, L_000001f3f4334450, C4<0>, C4<0>, C4<0>;
L_000001f3f4337520 .functor NOT 1, L_000001f3f43344f0, C4<0>, C4<0>, C4<0>;
L_000001f3f43382b0 .functor NOT 1, L_000001f3f43357b0, C4<0>, C4<0>, C4<0>;
L_000001f3f4337670 .functor AND 1, L_000001f3f4334f90, L_000001f3f4337440, C4<1>, C4<1>;
L_000001f3f4337d00 .functor AND 1, L_000001f3f4334590, L_000001f3f4337520, C4<1>, C4<1>;
L_000001f3f4337d70 .functor AND 1, L_000001f3f4335030, L_000001f3f43382b0, C4<1>, C4<1>;
L_000001f3f4337e50 .functor OR 1, L_000001f3f4334630, L_000001f3f4335490, L_000001f3f43346d0, C4<0>;
L_000001f3f4337de0 .functor OR 1, L_000001f3f4337e50, L_000001f3f43373d0, C4<0>, C4<0>;
L_000001f3f4339190 .functor NOR 1, L_000001f3f4335530, L_000001f3f4335850, C4<0>, C4<0>;
L_000001f3f43393c0 .functor NOR 1, L_000001f3f4339190, L_000001f3f4335990, C4<0>, C4<0>;
L_000001f3f4339900 .functor NOR 1, L_000001f3f4334770, L_000001f3f43348b0, C4<0>, C4<0>;
L_000001f3f433a0e0 .functor NOR 1, L_000001f3f4339900, L_000001f3f4336a70, C4<0>, C4<0>;
L_000001f3f4338fd0 .functor OR 1, L_000001f3f43393c0, L_000001f3f433a0e0, C4<0>, C4<0>;
L_000001f3f43395f0 .functor NOR 1, L_000001f3f4336b10, L_000001f3f4336d90, L_000001f3f4336ed0, L_000001f3f4336c50;
L_000001f3f4339510 .functor NOR 1, L_000001f3f43395f0, L_000001f3f4337010, C4<0>, C4<0>;
L_000001f3f433a690 .functor BUF 1, L_000001f3f4336930, C4<0>, C4<0>, C4<0>;
v000001f3f42ce7d0_0 .net *"_ivl_1", 0 0, L_000001f3f4338860;  1 drivers
v000001f3f42cdb50_0 .net *"_ivl_10", 0 0, L_000001f3f4332010;  1 drivers
v000001f3f42cd470_0 .net *"_ivl_100", 0 0, L_000001f3f4335350;  1 drivers
v000001f3f42ce0f0_0 .net *"_ivl_102", 0 0, L_000001f3f4334b30;  1 drivers
v000001f3f42cdbf0_0 .net *"_ivl_103", 0 0, L_000001f3f4338da0;  1 drivers
v000001f3f42cf450_0 .net *"_ivl_106", 0 0, L_000001f3f4336890;  1 drivers
v000001f3f42cea50_0 .net *"_ivl_108", 0 0, L_000001f3f4336750;  1 drivers
v000001f3f42ceeb0_0 .net *"_ivl_11", 0 0, L_000001f3f4338010;  1 drivers
v000001f3f42ce190_0 .net *"_ivl_110", 0 0, L_000001f3f43350d0;  1 drivers
v000001f3f42ced70_0 .net *"_ivl_111", 0 0, L_000001f3f4338e10;  1 drivers
v000001f3f42ccf70_0 .net *"_ivl_115", 0 0, L_000001f3f43367f0;  1 drivers
v000001f3f42ce910_0 .net *"_ivl_117", 0 0, L_000001f3f43349f0;  1 drivers
v000001f3f42cd970_0 .net *"_ivl_118", 0 0, L_000001f3f4337c20;  1 drivers
v000001f3f42ceb90_0 .net *"_ivl_121", 0 0, L_000001f3f4335a30;  1 drivers
v000001f3f42cdfb0_0 .net *"_ivl_123", 0 0, L_000001f3f4334db0;  1 drivers
v000001f3f42cd0b0_0 .net *"_ivl_125", 0 0, L_000001f3f4335f30;  1 drivers
v000001f3f42cda10_0 .net *"_ivl_127", 0 0, L_000001f3f4336610;  1 drivers
v000001f3f42cd650_0 .net *"_ivl_128", 0 0, L_000001f3f4338f60;  1 drivers
v000001f3f42cd150_0 .net *"_ivl_132", 0 0, L_000001f3f4334c70;  1 drivers
v000001f3f42cef50_0 .net *"_ivl_134", 0 0, L_000001f3f4337bb0;  1 drivers
v000001f3f42ceaf0_0 .net *"_ivl_137", 0 0, L_000001f3f4334130;  1 drivers
v000001f3f42ce4b0_0 .net *"_ivl_139", 0 0, L_000001f3f43352b0;  1 drivers
v000001f3f42cde70_0 .net *"_ivl_14", 0 0, L_000001f3f4332830;  1 drivers
v000001f3f42ce050_0 .net *"_ivl_141", 0 0, L_000001f3f4335670;  1 drivers
v000001f3f42cf090_0 .net *"_ivl_143", 0 0, L_000001f3f4336570;  1 drivers
v000001f3f42cd3d0_0 .net *"_ivl_145", 0 0, L_000001f3f4337c90;  1 drivers
v000001f3f42cf130_0 .net *"_ivl_148", 0 0, L_000001f3f4335210;  1 drivers
v000001f3f42cd8d0_0 .net *"_ivl_150", 0 0, L_000001f3f43366b0;  1 drivers
v000001f3f42cd1f0_0 .net *"_ivl_152", 0 0, L_000001f3f4335ad0;  1 drivers
v000001f3f42ce870_0 .net *"_ivl_154", 0 0, L_000001f3f4336250;  1 drivers
v000001f3f42ce550_0 .net *"_ivl_156", 0 0, L_000001f3f43380f0;  1 drivers
v000001f3f42cf310_0 .net *"_ivl_16", 0 0, L_000001f3f4332150;  1 drivers
v000001f3f42ce9b0_0 .net *"_ivl_160", 0 0, L_000001f3f4335b70;  1 drivers
v000001f3f42cdc90_0 .net *"_ivl_162", 0 0, L_000001f3f4336110;  1 drivers
v000001f3f42cd6f0_0 .net *"_ivl_165", 0 0, L_000001f3f4335710;  1 drivers
v000001f3f42cec30_0 .net *"_ivl_167", 0 0, L_000001f3f43341d0;  1 drivers
v000001f3f42cd330_0 .net *"_ivl_169", 0 0, L_000001f3f43343b0;  1 drivers
v000001f3f42cd290_0 .net *"_ivl_171", 0 0, L_000001f3f4334450;  1 drivers
v000001f3f42cddd0_0 .net *"_ivl_173", 0 0, L_000001f3f43344f0;  1 drivers
v000001f3f42cd510_0 .net *"_ivl_175", 0 0, L_000001f3f43357b0;  1 drivers
v000001f3f42ce2d0_0 .net *"_ivl_176", 0 0, L_000001f3f4337670;  1 drivers
v000001f3f42cd830_0 .net *"_ivl_179", 0 0, L_000001f3f4334f90;  1 drivers
v000001f3f42cd5b0_0 .net *"_ivl_18", 0 0, L_000001f3f43335f0;  1 drivers
v000001f3f42ce410_0 .net *"_ivl_180", 0 0, L_000001f3f4337d00;  1 drivers
v000001f3f42cf3b0_0 .net *"_ivl_183", 0 0, L_000001f3f4334590;  1 drivers
v000001f3f42ce5f0_0 .net *"_ivl_184", 0 0, L_000001f3f4337d70;  1 drivers
v000001f3f42cecd0_0 .net *"_ivl_187", 0 0, L_000001f3f4335030;  1 drivers
v000001f3f42cd790_0 .net *"_ivl_189", 0 0, L_000001f3f4334630;  1 drivers
v000001f3f42cdab0_0 .net *"_ivl_191", 0 0, L_000001f3f4335490;  1 drivers
v000001f3f42d0710_0 .net *"_ivl_193", 0 0, L_000001f3f43346d0;  1 drivers
v000001f3f42d0530_0 .net *"_ivl_195", 0 0, L_000001f3f4337de0;  1 drivers
v000001f3f42d17f0_0 .net *"_ivl_199", 0 0, L_000001f3f4335530;  1 drivers
v000001f3f42d12f0_0 .net *"_ivl_20", 0 0, L_000001f3f4332290;  1 drivers
v000001f3f42cfa90_0 .net *"_ivl_201", 0 0, L_000001f3f4335850;  1 drivers
v000001f3f42d08f0_0 .net *"_ivl_204", 0 0, L_000001f3f4335990;  1 drivers
v000001f3f42d1390_0 .net *"_ivl_207", 0 0, L_000001f3f4334770;  1 drivers
v000001f3f42d1250_0 .net *"_ivl_209", 0 0, L_000001f3f43348b0;  1 drivers
v000001f3f42d0a30_0 .net *"_ivl_21", 0 0, L_000001f3f43384e0;  1 drivers
v000001f3f42d1e30_0 .net *"_ivl_212", 0 0, L_000001f3f4336a70;  1 drivers
v000001f3f42d0b70_0 .net *"_ivl_214", 0 0, L_000001f3f4338fd0;  1 drivers
v000001f3f42d1570_0 .net *"_ivl_218", 0 0, L_000001f3f4336b10;  1 drivers
v000001f3f42cf950_0 .net *"_ivl_220", 0 0, L_000001f3f4336d90;  1 drivers
v000001f3f42cfc70_0 .net *"_ivl_222", 0 0, L_000001f3f4336ed0;  1 drivers
v000001f3f42d0cb0_0 .net *"_ivl_224", 0 0, L_000001f3f4336c50;  1 drivers
v000001f3f42d16b0_0 .net *"_ivl_226", 0 0, L_000001f3f4339510;  1 drivers
v000001f3f42cff90_0 .net *"_ivl_229", 0 0, L_000001f3f4337010;  1 drivers
v000001f3f42d0ad0_0 .net *"_ivl_231", 0 0, L_000001f3f433a690;  1 drivers
v000001f3f42d1750_0 .net *"_ivl_235", 0 0, L_000001f3f4336930;  1 drivers
o000001f3f42629e8 .functor BUFZ 1, c4<z>; HiZ drive
; Elide local net with no drivers, v000001f3f42d0e90_0 name=_ivl_238
v000001f3f42cf9f0_0 .net *"_ivl_24", 0 0, L_000001f3f4332970;  1 drivers
v000001f3f42d1610_0 .net *"_ivl_26", 0 0, L_000001f3f4332790;  1 drivers
v000001f3f42d1930_0 .net *"_ivl_28", 0 0, L_000001f3f4332ab0;  1 drivers
v000001f3f42d0fd0_0 .net *"_ivl_30", 0 0, L_000001f3f43328d0;  1 drivers
v000001f3f42d1070_0 .net *"_ivl_32", 0 0, L_000001f3f4332b50;  1 drivers
v000001f3f42d05d0_0 .net *"_ivl_33", 0 0, L_000001f3f43379f0;  1 drivers
v000001f3f42d0030_0 .net *"_ivl_36", 0 0, L_000001f3f4333d70;  1 drivers
v000001f3f42d0670_0 .net *"_ivl_37", 0 0, L_000001f3f4338630;  1 drivers
v000001f3f42cfe50_0 .net *"_ivl_4", 0 0, L_000001f3f43320b0;  1 drivers
v000001f3f42d19d0_0 .net *"_ivl_40", 0 0, L_000001f3f4333e10;  1 drivers
v000001f3f42d00d0_0 .net *"_ivl_42", 0 0, L_000001f3f4334950;  1 drivers
v000001f3f42d1890_0 .net *"_ivl_44", 0 0, L_000001f3f43353f0;  1 drivers
v000001f3f42d0170_0 .net *"_ivl_45", 0 0, L_000001f3f4338ef0;  1 drivers
v000001f3f42d1a70_0 .net *"_ivl_48", 0 0, L_000001f3f4334270;  1 drivers
v000001f3f42d0c10_0 .net *"_ivl_50", 0 0, L_000001f3f43361b0;  1 drivers
v000001f3f42d1110_0 .net *"_ivl_51", 0 0, L_000001f3f43385c0;  1 drivers
v000001f3f42cf8b0_0 .net *"_ivl_55", 0 0, L_000001f3f4334d10;  1 drivers
v000001f3f42cfef0_0 .net *"_ivl_57", 0 0, L_000001f3f4334e50;  1 drivers
v000001f3f42cf6d0_0 .net *"_ivl_58", 0 0, L_000001f3f4337ad0;  1 drivers
v000001f3f42cfb30_0 .net *"_ivl_6", 0 0, L_000001f3f4331d90;  1 drivers
v000001f3f42d07b0_0 .net *"_ivl_61", 0 0, L_000001f3f43358f0;  1 drivers
v000001f3f42d0df0_0 .net *"_ivl_63", 0 0, L_000001f3f4334ef0;  1 drivers
v000001f3f42cf810_0 .net *"_ivl_64", 0 0, L_000001f3f4338e80;  1 drivers
v000001f3f42d1cf0_0 .net *"_ivl_67", 0 0, L_000001f3f4335df0;  1 drivers
v000001f3f42d0210_0 .net *"_ivl_69", 0 0, L_000001f3f43362f0;  1 drivers
v000001f3f42d0f30_0 .net *"_ivl_71", 0 0, L_000001f3f4335d50;  1 drivers
v000001f3f42d0d50_0 .net *"_ivl_72", 0 0, L_000001f3f4338940;  1 drivers
v000001f3f42d02b0_0 .net *"_ivl_75", 0 0, L_000001f3f4334310;  1 drivers
v000001f3f42d1430_0 .net *"_ivl_77", 0 0, L_000001f3f43364d0;  1 drivers
v000001f3f42d11b0_0 .net *"_ivl_79", 0 0, L_000001f3f4334bd0;  1 drivers
v000001f3f42cfbd0_0 .net *"_ivl_8", 0 0, L_000001f3f43325b0;  1 drivers
v000001f3f42d14d0_0 .net *"_ivl_80", 0 0, L_000001f3f4337fa0;  1 drivers
v000001f3f42d0350_0 .net *"_ivl_84", 0 0, L_000001f3f43355d0;  1 drivers
v000001f3f42d03f0_0 .net *"_ivl_86", 0 0, L_000001f3f4335e90;  1 drivers
v000001f3f42d1d90_0 .net *"_ivl_87", 0 0, L_000001f3f4338d30;  1 drivers
v000001f3f42cfd10_0 .net *"_ivl_90", 0 0, L_000001f3f4336390;  1 drivers
v000001f3f42cfdb0_0 .net *"_ivl_92", 0 0, L_000001f3f4336430;  1 drivers
v000001f3f42d1bb0_0 .net *"_ivl_93", 0 0, L_000001f3f4338a20;  1 drivers
v000001f3f42d0990_0 .net *"_ivl_96", 0 0, L_000001f3f4335c10;  1 drivers
v000001f3f42cf770_0 .net *"_ivl_98", 0 0, L_000001f3f4335170;  1 drivers
v000001f3f42d0490_0 .net "bit0", 3 0, L_000001f3f4336cf0;  1 drivers
v000001f3f42d0850_0 .net "bits", 9 0, v000001f3f42cbd50_0;  1 drivers
v000001f3f42d1b10_0 .net "bits_", 7 0, L_000001f3f4336070;  alias, 1 drivers
v000001f3f42d1c50_0 .net "e_im1", 0 0, L_000001f3f43373d0;  1 drivers
v000001f3f42d2010_0 .net "im1", 2 0, L_000001f3f4334810;  1 drivers
v000001f3f42d25b0_0 .net "im123_", 0 0, L_000001f3f43393c0;  alias, 1 drivers
v000001f3f42d1f70_0 .net "im12_", 0 0, L_000001f3f4339190;  1 drivers
v000001f3f42d1ed0_0 .net "im2", 0 0, L_000001f3f43389b0;  1 drivers
v000001f3f42d20b0_0 .net "im3", 0 0, L_000001f3f4337980;  1 drivers
v000001f3f42d2150_0 .net "im3456_", 0 0, L_000001f3f43395f0;  1 drivers
v000001f3f42d21f0_0 .net "im4", 0 0, L_000001f3f43378a0;  1 drivers
v000001f3f42d2290_0 .net "im5", 2 0, L_000001f3f4335cb0;  1 drivers
v000001f3f42d2330_0 .net "im567_", 0 0, L_000001f3f433a0e0;  alias, 1 drivers
v000001f3f42d23d0_0 .net "im56_", 0 0, L_000001f3f4339900;  1 drivers
v000001f3f42d2470_0 .net "im6", 2 0, L_000001f3f4334a90;  1 drivers
v000001f3f42d2510_0 .net "im7", 2 0, L_000001f3f4335fd0;  1 drivers
v000001f3f42cbfd0_0 .net "im_o1", 0 0, L_000001f3f4337e50;  1 drivers
v000001f3f42cc7f0_0 .net "n_im3_", 0 0, L_000001f3f4337440;  1 drivers
v000001f3f42cadb0_0 .net "n_im5_", 0 0, L_000001f3f4337520;  1 drivers
v000001f3f42cbc10_0 .net "n_im7_", 0 0, L_000001f3f43382b0;  1 drivers
v000001f3f42cc1b0_0 .net "o_bits", 3 0, L_000001f3f4336bb0;  alias, 1 drivers
L_000001f3f43320b0 .part v000001f3f42cbd50_0, 1, 1;
L_000001f3f4331d90 .part v000001f3f42cbd50_0, 0, 1;
L_000001f3f43325b0 .part v000001f3f42cbd50_0, 1, 1;
L_000001f3f4332010 .part v000001f3f42cbd50_0, 0, 1;
L_000001f3f4332830 .part v000001f3f42cbd50_0, 2, 1;
L_000001f3f4332150 .part v000001f3f42cbd50_0, 2, 1;
L_000001f3f43335f0 .part v000001f3f42cbd50_0, 1, 1;
L_000001f3f4332290 .part v000001f3f42cbd50_0, 0, 1;
L_000001f3f4332970 .part v000001f3f42cbd50_0, 3, 1;
L_000001f3f4332790 .part v000001f3f42cbd50_0, 3, 1;
L_000001f3f4332ab0 .part v000001f3f42cbd50_0, 2, 1;
L_000001f3f43328d0 .part v000001f3f42cbd50_0, 1, 1;
L_000001f3f4332b50 .part v000001f3f42cbd50_0, 0, 1;
L_000001f3f4333d70 .part v000001f3f42cbd50_0, 4, 1;
L_000001f3f4333e10 .part v000001f3f42cbd50_0, 2, 1;
L_000001f3f4334950 .part v000001f3f42cbd50_0, 1, 1;
L_000001f3f43353f0 .part v000001f3f42cbd50_0, 0, 1;
L_000001f3f4334270 .part v000001f3f42cbd50_0, 3, 1;
L_000001f3f43361b0 .part v000001f3f42cbd50_0, 4, 1;
L_000001f3f4335cb0 .concat8 [ 1 1 1 0], L_000001f3f4338630, L_000001f3f4338ef0, L_000001f3f43385c0;
L_000001f3f4334d10 .part L_000001f3f4335cb0, 0, 1;
L_000001f3f4334e50 .part L_000001f3f4335cb0, 1, 1;
L_000001f3f43358f0 .part L_000001f3f4335cb0, 2, 1;
L_000001f3f4334ef0 .part v000001f3f42cbd50_0, 5, 1;
L_000001f3f4335df0 .part v000001f3f42cbd50_0, 2, 1;
L_000001f3f43362f0 .part v000001f3f42cbd50_0, 1, 1;
L_000001f3f4335d50 .part v000001f3f42cbd50_0, 0, 1;
L_000001f3f4334310 .part v000001f3f42cbd50_0, 3, 1;
L_000001f3f43364d0 .part v000001f3f42cbd50_0, 4, 1;
L_000001f3f4334bd0 .part v000001f3f42cbd50_0, 5, 1;
L_000001f3f4334a90 .concat8 [ 1 1 1 0], L_000001f3f4338e80, L_000001f3f4338940, L_000001f3f4337fa0;
L_000001f3f43355d0 .part L_000001f3f4334a90, 0, 1;
L_000001f3f4335e90 .part L_000001f3f4334a90, 1, 1;
L_000001f3f4336390 .part L_000001f3f4334a90, 2, 1;
L_000001f3f4336430 .part v000001f3f42cbd50_0, 6, 1;
L_000001f3f4335c10 .part v000001f3f42cbd50_0, 3, 1;
L_000001f3f4335170 .part v000001f3f42cbd50_0, 2, 1;
L_000001f3f4335350 .part v000001f3f42cbd50_0, 1, 1;
L_000001f3f4334b30 .part v000001f3f42cbd50_0, 0, 1;
L_000001f3f4336890 .part v000001f3f42cbd50_0, 4, 1;
L_000001f3f4336750 .part v000001f3f42cbd50_0, 5, 1;
L_000001f3f43350d0 .part v000001f3f42cbd50_0, 6, 1;
L_000001f3f4335fd0 .concat8 [ 1 1 1 0], L_000001f3f4338a20, L_000001f3f4338da0, L_000001f3f4338e10;
L_000001f3f43367f0 .part L_000001f3f4335fd0, 0, 1;
L_000001f3f43349f0 .part L_000001f3f4335fd0, 1, 1;
L_000001f3f4335a30 .part L_000001f3f4335fd0, 2, 1;
L_000001f3f4334db0 .part v000001f3f42cbd50_0, 7, 1;
L_000001f3f4335f30 .part v000001f3f42cbd50_0, 8, 1;
L_000001f3f4336610 .part v000001f3f42cbd50_0, 9, 1;
LS_000001f3f4336070_0_0 .concat8 [ 1 1 1 1], L_000001f3f4338f60, L_000001f3f4338860, L_000001f3f4338010, L_000001f3f43384e0;
LS_000001f3f4336070_0_4 .concat8 [ 1 1 1 1], L_000001f3f43379f0, L_000001f3f4337ad0, L_000001f3f4338d30, L_000001f3f4337c20;
L_000001f3f4336070 .concat8 [ 4 4 0 0], LS_000001f3f4336070_0_0, LS_000001f3f4336070_0_4;
L_000001f3f4334c70 .part v000001f3f42cbd50_0, 0, 1;
L_000001f3f4334130 .part v000001f3f42cbd50_0, 3, 1;
L_000001f3f43352b0 .part v000001f3f42cbd50_0, 2, 1;
L_000001f3f4335670 .part v000001f3f42cbd50_0, 1, 1;
L_000001f3f4336570 .part v000001f3f42cbd50_0, 0, 1;
L_000001f3f4335210 .part v000001f3f42cbd50_0, 4, 1;
L_000001f3f43366b0 .part v000001f3f42cbd50_0, 5, 1;
L_000001f3f4335ad0 .part v000001f3f42cbd50_0, 6, 1;
L_000001f3f4336250 .part v000001f3f42cbd50_0, 7, 1;
L_000001f3f4334810 .concat8 [ 1 1 1 0], L_000001f3f4337bb0, L_000001f3f4337c90, L_000001f3f43380f0;
L_000001f3f4335b70 .part v000001f3f42cbd50_0, 8, 1;
L_000001f3f4336110 .part v000001f3f42cbd50_0, 9, 1;
L_000001f3f4335710 .part L_000001f3f4334810, 0, 1;
L_000001f3f43341d0 .part L_000001f3f4334810, 1, 1;
L_000001f3f43343b0 .part L_000001f3f4334810, 2, 1;
L_000001f3f4334450 .part L_000001f3f4336070, 3, 1;
L_000001f3f43344f0 .part L_000001f3f4336070, 5, 1;
L_000001f3f43357b0 .part L_000001f3f4336070, 7, 1;
L_000001f3f4334f90 .part L_000001f3f4336070, 2, 1;
L_000001f3f4334590 .part L_000001f3f4336070, 4, 1;
L_000001f3f4335030 .part L_000001f3f4336070, 6, 1;
L_000001f3f4334630 .part L_000001f3f4336cf0, 0, 1;
L_000001f3f4335490 .part L_000001f3f4336cf0, 1, 1;
L_000001f3f43346d0 .part L_000001f3f4336cf0, 2, 1;
L_000001f3f4335530 .part L_000001f3f4336070, 1, 1;
L_000001f3f4335850 .part L_000001f3f4336070, 2, 1;
L_000001f3f4335990 .part L_000001f3f4336070, 3, 1;
L_000001f3f4334770 .part L_000001f3f4336070, 5, 1;
L_000001f3f43348b0 .part L_000001f3f4336070, 6, 1;
L_000001f3f4336a70 .part L_000001f3f4336070, 7, 1;
L_000001f3f4336b10 .part L_000001f3f4336070, 3, 1;
L_000001f3f4336d90 .part L_000001f3f4336070, 4, 1;
L_000001f3f4336ed0 .part L_000001f3f4336070, 5, 1;
L_000001f3f4336c50 .part L_000001f3f4336070, 6, 1;
L_000001f3f4337010 .part L_000001f3f4336070, 7, 1;
L_000001f3f4336bb0 .concat8 [ 1 1 1 1], L_000001f3f4337de0, L_000001f3f4338fd0, L_000001f3f4339510, L_000001f3f433a690;
L_000001f3f4336930 .part L_000001f3f4336070, 7, 1;
L_000001f3f4336cf0 .concat [ 1 1 1 1], L_000001f3f4337670, L_000001f3f4337d00, L_000001f3f4337d70, o000001f3f42629e8;
    .scope S_000001f3f40c9060;
T_2 ;
    %pushi/vec4 0, 0, 1;
    %store/vec4 v000001f3f423fc60_0, 0, 1;
    %pushi/vec4 0, 0, 1;
    %store/vec4 v000001f3f42408e0_0, 0, 1;
    %end;
    .thread T_2, $init;
    .scope S_000001f3f40c9060;
T_3 ;
    %wait E_000001f3f421ab30;
    %load/vec4 v000001f3f4241060_0;
    %flag_set/vec4 8;
    %jmp/0xz  T_3.0, 8;
    %load/vec4 v000001f3f4240c00_0;
    %flag_set/vec4 8;
    %jmp/0 T_3.2, 8;
    %pushi/vec4 0, 0, 1;
    %jmp/1 T_3.3, 8;
T_3.2 ; End of true expr.
    %load/vec4 v000001f3f4240520_0;
    %jmp/0 T_3.3, 8;
 ; End of false expr.
    %blend;
T_3.3;
    %assign/vec4 v000001f3f423fc60_0, 0;
T_3.0 ;
    %jmp T_3;
    .thread T_3;
    .scope S_000001f3f40c9060;
T_4 ;
    %wait E_000001f3f421af30;
    %load/vec4 v000001f3f4240c00_0;
    %flag_set/vec4 8;
    %jmp/0xz  T_4.0, 8;
    %pushi/vec4 0, 0, 1;
    %assign/vec4 v000001f3f42408e0_0, 0;
    %jmp T_4.1;
T_4.0 ;
    %load/vec4 v000001f3f4241060_0;
    %flag_set/vec4 8;
    %jmp/0xz  T_4.2, 8;
    %load/vec4 v000001f3f4240520_0;
    %assign/vec4 v000001f3f42408e0_0, 0;
T_4.2 ;
T_4.1 ;
    %jmp T_4;
    .thread T_4;
    .scope S_000001f3f4251e80;
T_5 ;
    %pushi/vec4 0, 0, 32;
    %store/vec4 v000001f3f42430e0_0, 0, 32;
T_5.0 ; Top of for-loop
    %load/vec4 v000001f3f42430e0_0;
    %cmpi/s 16, 0, 32;
	  %jmp/0xz T_5.1, 5;
    %pushi/vec4 0, 0, 256;
    %load/vec4 v000001f3f42430e0_0;
    %muli 16, 0, 32;
    %part/s 16;
    %pushi/vec4 0, 0, 32;
    %load/vec4 v000001f3f42430e0_0;
    %add;
    %ix/vec4/s 4;
    %store/vec4a v000001f3f4242dc0, 4, 0;
    %pushi/vec4 0, 0, 256;
    %load/vec4 v000001f3f42430e0_0;
    %muli 16, 0, 32;
    %part/s 16;
    %pushi/vec4 16, 0, 32;
    %load/vec4 v000001f3f42430e0_0;
    %add;
    %ix/vec4/s 4;
    %store/vec4a v000001f3f4242dc0, 4, 0;
    %pushi/vec4 0, 0, 256;
    %load/vec4 v000001f3f42430e0_0;
    %muli 16, 0, 32;
    %part/s 16;
    %pushi/vec4 32, 0, 32;
    %load/vec4 v000001f3f42430e0_0;
    %add;
    %ix/vec4/s 4;
    %store/vec4a v000001f3f4242dc0, 4, 0;
    %pushi/vec4 0, 0, 256;
    %load/vec4 v000001f3f42430e0_0;
    %muli 16, 0, 32;
    %part/s 16;
    %pushi/vec4 48, 0, 32;
    %load/vec4 v000001f3f42430e0_0;
    %add;
    %ix/vec4/s 4;
    %store/vec4a v000001f3f4242dc0, 4, 0;
    %pushi/vec4 0, 0, 256;
    %load/vec4 v000001f3f42430e0_0;
    %muli 16, 0, 32;
    %part/s 16;
    %pushi/vec4 64, 0, 32;
    %load/vec4 v000001f3f42430e0_0;
    %add;
    %ix/vec4/s 4;
    %store/vec4a v000001f3f4242dc0, 4, 0;
    %pushi/vec4 0, 0, 256;
    %load/vec4 v000001f3f42430e0_0;
    %muli 16, 0, 32;
    %part/s 16;
    %pushi/vec4 80, 0, 32;
    %load/vec4 v000001f3f42430e0_0;
    %add;
    %ix/vec4/s 4;
    %store/vec4a v000001f3f4242dc0, 4, 0;
    %pushi/vec4 0, 0, 256;
    %load/vec4 v000001f3f42430e0_0;
    %muli 16, 0, 32;
    %part/s 16;
    %pushi/vec4 96, 0, 32;
    %load/vec4 v000001f3f42430e0_0;
    %add;
    %ix/vec4/s 4;
    %store/vec4a v000001f3f4242dc0, 4, 0;
    %pushi/vec4 0, 0, 256;
    %load/vec4 v000001f3f42430e0_0;
    %muli 16, 0, 32;
    %part/s 16;
    %pushi/vec4 112, 0, 32;
    %load/vec4 v000001f3f42430e0_0;
    %add;
    %ix/vec4/s 4;
    %store/vec4a v000001f3f4242dc0, 4, 0;
    %pushi/vec4 0, 0, 256;
    %load/vec4 v000001f3f42430e0_0;
    %muli 16, 0, 32;
    %part/s 16;
    %pushi/vec4 128, 0, 32;
    %load/vec4 v000001f3f42430e0_0;
    %add;
    %ix/vec4/s 4;
    %store/vec4a v000001f3f4242dc0, 4, 0;
    %pushi/vec4 0, 0, 256;
    %load/vec4 v000001f3f42430e0_0;
    %muli 16, 0, 32;
    %part/s 16;
    %pushi/vec4 144, 0, 32;
    %load/vec4 v000001f3f42430e0_0;
    %add;
    %ix/vec4/s 4;
    %store/vec4a v000001f3f4242dc0, 4, 0;
    %pushi/vec4 0, 0, 256;
    %load/vec4 v000001f3f42430e0_0;
    %muli 16, 0, 32;
    %part/s 16;
    %pushi/vec4 160, 0, 32;
    %load/vec4 v000001f3f42430e0_0;
    %add;
    %ix/vec4/s 4;
    %store/vec4a v000001f3f4242dc0, 4, 0;
    %pushi/vec4 0, 0, 256;
    %load/vec4 v000001f3f42430e0_0;
    %muli 16, 0, 32;
    %part/s 16;
    %pushi/vec4 176, 0, 32;
    %load/vec4 v000001f3f42430e0_0;
    %add;
    %ix/vec4/s 4;
    %store/vec4a v000001f3f4242dc0, 4, 0;
    %pushi/vec4 0, 0, 256;
    %load/vec4 v000001f3f42430e0_0;
    %muli 16, 0, 32;
    %part/s 16;
    %pushi/vec4 192, 0, 32;
    %load/vec4 v000001f3f42430e0_0;
    %add;
    %ix/vec4/s 4;
    %store/vec4a v000001f3f4242dc0, 4, 0;
    %pushi/vec4 0, 0, 256;
    %load/vec4 v000001f3f42430e0_0;
    %muli 16, 0, 32;
    %part/s 16;
    %pushi/vec4 208, 0, 32;
    %load/vec4 v000001f3f42430e0_0;
    %add;
    %ix/vec4/s 4;
    %store/vec4a v000001f3f4242dc0, 4, 0;
    %pushi/vec4 0, 0, 256;
    %load/vec4 v000001f3f42430e0_0;
    %muli 16, 0, 32;
    %part/s 16;
    %pushi/vec4 224, 0, 32;
    %load/vec4 v000001f3f42430e0_0;
    %add;
    %ix/vec4/s 4;
    %store/vec4a v000001f3f4242dc0, 4, 0;
    %pushi/vec4 0, 0, 256;
    %load/vec4 v000001f3f42430e0_0;
    %muli 16, 0, 32;
    %part/s 16;
    %pushi/vec4 240, 0, 32;
    %load/vec4 v000001f3f42430e0_0;
    %add;
    %ix/vec4/s 4;
    %store/vec4a v000001f3f4242dc0, 4, 0;
T_5.2 ; for-loop step statement
    %load/vec4 v000001f3f42430e0_0;
    %addi 1, 0, 32;
    %store/vec4 v000001f3f42430e0_0, 0, 32;
    %jmp T_5.0;
T_5.1 ; for-loop exit label
    %end;
    .thread T_5;
    .scope S_000001f3f4251e80;
T_6 ;
    %wait E_000001f3f421ab70;
    %load/vec4 v000001f3f42434a0_0;
    %flag_set/vec4 9;
    %flag_get/vec4 9;
    %jmp/0 T_6.2, 9;
    %load/vec4 v000001f3f4242320_0;
    %and;
T_6.2;
    %flag_set/vec4 8;
    %jmp/0xz  T_6.0, 8;
    %load/vec4 v000001f3f4242780_0;
    %parti/s 1, 0, 2;
    %nor/r;
    %flag_set/vec4 8;
    %jmp/0xz  T_6.3, 8;
    %load/vec4 v000001f3f4242fa0_0;
    %parti/s 1, 0, 2;
    %load/vec4 v000001f3f4243040_0;
    %parti/s 8, 0, 2;
    %pad/u 10;
    %ix/vec4 3;
    %ix/load 4, 0, 0; Constant delay
    %assign/vec4/a/d v000001f3f4242dc0, 0, 4;
T_6.3 ;
    %load/vec4 v000001f3f4242780_0;
    %parti/s 1, 1, 2;
    %nor/r;
    %flag_set/vec4 8;
    %jmp/0xz  T_6.5, 8;
    %load/vec4 v000001f3f4242fa0_0;
    %parti/s 1, 1, 2;
    %load/vec4 v000001f3f4243040_0;
    %parti/s 8, 0, 2;
    %pad/u 10;
    %ix/vec4 3;
    %ix/load 4, 1, 0; part off
    %ix/load 5, 0, 0; Constant delay
    %assign/vec4/a/d v000001f3f4242dc0, 4, 5;
T_6.5 ;
    %load/vec4 v000001f3f4242780_0;
    %parti/s 1, 2, 3;
    %nor/r;
    %flag_set/vec4 8;
    %jmp/0xz  T_6.7, 8;
    %load/vec4 v000001f3f4242fa0_0;
    %parti/s 1, 2, 3;
    %load/vec4 v000001f3f4243040_0;
    %parti/s 8, 0, 2;
    %pad/u 10;
    %ix/vec4 3;
    %ix/load 4, 2, 0; part off
    %ix/load 5, 0, 0; Constant delay
    %assign/vec4/a/d v000001f3f4242dc0, 4, 5;
T_6.7 ;
    %load/vec4 v000001f3f4242780_0;
    %parti/s 1, 3, 3;
    %nor/r;
    %flag_set/vec4 8;
    %jmp/0xz  T_6.9, 8;
    %load/vec4 v000001f3f4242fa0_0;
    %parti/s 1, 3, 3;
    %load/vec4 v000001f3f4243040_0;
    %parti/s 8, 0, 2;
    %pad/u 10;
    %ix/vec4 3;
    %ix/load 4, 3, 0; part off
    %ix/load 5, 0, 0; Constant delay
    %assign/vec4/a/d v000001f3f4242dc0, 4, 5;
T_6.9 ;
    %load/vec4 v000001f3f4242780_0;
    %parti/s 1, 4, 4;
    %nor/r;
    %flag_set/vec4 8;
    %jmp/0xz  T_6.11, 8;
    %load/vec4 v000001f3f4242fa0_0;
    %parti/s 1, 4, 4;
    %load/vec4 v000001f3f4243040_0;
    %parti/s 8, 0, 2;
    %pad/u 10;
    %ix/vec4 3;
    %ix/load 4, 4, 0; part off
    %ix/load 5, 0, 0; Constant delay
    %assign/vec4/a/d v000001f3f4242dc0, 4, 5;
T_6.11 ;
    %load/vec4 v000001f3f4242780_0;
    %parti/s 1, 5, 4;
    %nor/r;
    %flag_set/vec4 8;
    %jmp/0xz  T_6.13, 8;
    %load/vec4 v000001f3f4242fa0_0;
    %parti/s 1, 5, 4;
    %load/vec4 v000001f3f4243040_0;
    %parti/s 8, 0, 2;
    %pad/u 10;
    %ix/vec4 3;
    %ix/load 4, 5, 0; part off
    %ix/load 5, 0, 0; Constant delay
    %assign/vec4/a/d v000001f3f4242dc0, 4, 5;
T_6.13 ;
    %load/vec4 v000001f3f4242780_0;
    %parti/s 1, 6, 4;
    %nor/r;
    %flag_set/vec4 8;
    %jmp/0xz  T_6.15, 8;
    %load/vec4 v000001f3f4242fa0_0;
    %parti/s 1, 6, 4;
    %load/vec4 v000001f3f4243040_0;
    %parti/s 8, 0, 2;
    %pad/u 10;
    %ix/vec4 3;
    %ix/load 4, 6, 0; part off
    %ix/load 5, 0, 0; Constant delay
    %assign/vec4/a/d v000001f3f4242dc0, 4, 5;
T_6.15 ;
    %load/vec4 v000001f3f4242780_0;
    %parti/s 1, 7, 4;
    %nor/r;
    %flag_set/vec4 8;
    %jmp/0xz  T_6.17, 8;
    %load/vec4 v000001f3f4242fa0_0;
    %parti/s 1, 7, 4;
    %load/vec4 v000001f3f4243040_0;
    %parti/s 8, 0, 2;
    %pad/u 10;
    %ix/vec4 3;
    %ix/load 4, 7, 0; part off
    %ix/load 5, 0, 0; Constant delay
    %assign/vec4/a/d v000001f3f4242dc0, 4, 5;
T_6.17 ;
    %load/vec4 v000001f3f4242780_0;
    %parti/s 1, 8, 5;
    %nor/r;
    %flag_set/vec4 8;
    %jmp/0xz  T_6.19, 8;
    %load/vec4 v000001f3f4242fa0_0;
    %parti/s 1, 8, 5;
    %load/vec4 v000001f3f4243040_0;
    %parti/s 8, 0, 2;
    %pad/u 10;
    %ix/vec4 3;
    %ix/load 4, 8, 0; part off
    %ix/load 5, 0, 0; Constant delay
    %assign/vec4/a/d v000001f3f4242dc0, 4, 5;
T_6.19 ;
    %load/vec4 v000001f3f4242780_0;
    %parti/s 1, 9, 5;
    %nor/r;
    %flag_set/vec4 8;
    %jmp/0xz  T_6.21, 8;
    %load/vec4 v000001f3f4242fa0_0;
    %parti/s 1, 9, 5;
    %load/vec4 v000001f3f4243040_0;
    %parti/s 8, 0, 2;
    %pad/u 10;
    %ix/vec4 3;
    %ix/load 4, 9, 0; part off
    %ix/load 5, 0, 0; Constant delay
    %assign/vec4/a/d v000001f3f4242dc0, 4, 5;
T_6.21 ;
    %load/vec4 v000001f3f4242780_0;
    %parti/s 1, 10, 5;
    %nor/r;
    %flag_set/vec4 8;
    %jmp/0xz  T_6.23, 8;
    %load/vec4 v000001f3f4242fa0_0;
    %parti/s 1, 10, 5;
    %load/vec4 v000001f3f4243040_0;
    %parti/s 8, 0, 2;
    %pad/u 10;
    %ix/vec4 3;
    %ix/load 4, 10, 0; part off
    %ix/load 5, 0, 0; Constant delay
    %assign/vec4/a/d v000001f3f4242dc0, 4, 5;
T_6.23 ;
    %load/vec4 v000001f3f4242780_0;
    %parti/s 1, 11, 5;
    %nor/r;
    %flag_set/vec4 8;
    %jmp/0xz  T_6.25, 8;
    %load/vec4 v000001f3f4242fa0_0;
    %parti/s 1, 11, 5;
    %load/vec4 v000001f3f4243040_0;
    %parti/s 8, 0, 2;
    %pad/u 10;
    %ix/vec4 3;
    %ix/load 4, 11, 0; part off
    %ix/load 5, 0, 0; Constant delay
    %assign/vec4/a/d v000001f3f4242dc0, 4, 5;
T_6.25 ;
    %load/vec4 v000001f3f4242780_0;
    %parti/s 1, 12, 5;
    %nor/r;
    %flag_set/vec4 8;
    %jmp/0xz  T_6.27, 8;
    %load/vec4 v000001f3f4242fa0_0;
    %parti/s 1, 12, 5;
    %load/vec4 v000001f3f4243040_0;
    %parti/s 8, 0, 2;
    %pad/u 10;
    %ix/vec4 3;
    %ix/load 4, 12, 0; part off
    %ix/load 5, 0, 0; Constant delay
    %assign/vec4/a/d v000001f3f4242dc0, 4, 5;
T_6.27 ;
    %load/vec4 v000001f3f4242780_0;
    %parti/s 1, 13, 5;
    %nor/r;
    %flag_set/vec4 8;
    %jmp/0xz  T_6.29, 8;
    %load/vec4 v000001f3f4242fa0_0;
    %parti/s 1, 13, 5;
    %load/vec4 v000001f3f4243040_0;
    %parti/s 8, 0, 2;
    %pad/u 10;
    %ix/vec4 3;
    %ix/load 4, 13, 0; part off
    %ix/load 5, 0, 0; Constant delay
    %assign/vec4/a/d v000001f3f4242dc0, 4, 5;
T_6.29 ;
    %load/vec4 v000001f3f4242780_0;
    %parti/s 1, 14, 5;
    %nor/r;
    %flag_set/vec4 8;
    %jmp/0xz  T_6.31, 8;
    %load/vec4 v000001f3f4242fa0_0;
    %parti/s 1, 14, 5;
    %load/vec4 v000001f3f4243040_0;
    %parti/s 8, 0, 2;
    %pad/u 10;
    %ix/vec4 3;
    %ix/load 4, 14, 0; part off
    %ix/load 5, 0, 0; Constant delay
    %assign/vec4/a/d v000001f3f4242dc0, 4, 5;
T_6.31 ;
    %load/vec4 v000001f3f4242780_0;
    %parti/s 1, 15, 5;
    %nor/r;
    %flag_set/vec4 8;
    %jmp/0xz  T_6.33, 8;
    %load/vec4 v000001f3f4242fa0_0;
    %parti/s 1, 15, 5;
    %load/vec4 v000001f3f4243040_0;
    %parti/s 8, 0, 2;
    %pad/u 10;
    %ix/vec4 3;
    %ix/load 4, 15, 0; part off
    %ix/load 5, 0, 0; Constant delay
    %assign/vec4/a/d v000001f3f4242dc0, 4, 5;
T_6.33 ;
T_6.0 ;
    %jmp T_6;
    .thread T_6;
    .scope S_000001f3f4251e80;
T_7 ;
    %wait E_000001f3f421ac70;
    %load/vec4 v000001f3f4243400_0;
    %flag_set/vec4 9;
    %flag_get/vec4 9;
    %jmp/0 T_7.2, 9;
    %load/vec4 v000001f3f423fa80_0;
    %and;
T_7.2;
    %flag_set/vec4 8;
    %jmp/0xz  T_7.0, 8;
    %load/vec4 v000001f3f4240de0_0;
    %parti/s 8, 0, 2;
    %pad/u 10;
    %ix/vec4 4;
    %load/vec4a v000001f3f4242dc0, 4;
    %load/vec4 v000001f3f4242280_0;
    %inv;
    %and;
    %assign/vec4 v000001f3f4243680_0, 0;
T_7.0 ;
    %jmp T_7;
    .thread T_7;
    .scope S_000001f3f3fa5bc0;
T_8 ;
    %pushi/vec4 0, 0, 1;
    %store/vec4 v000001f3f42a47d0_0, 0, 1;
    %end;
    .thread T_8;
    .scope S_000001f3f3fa5bc0;
T_9 ;
    %wait E_000001f3f421af70;
    %load/vec4 v000001f3f42a3970_0;
    %assign/vec4 v000001f3f42a47d0_0, 0;
    %jmp T_9;
    .thread T_9;
    .scope S_000001f3f4246cb0;
T_10 ;
    %pushi/vec4 0, 0, 1;
    %store/vec4 v000001f3f42a2e30_0, 0, 1;
    %end;
    .thread T_10;
    .scope S_000001f3f4246cb0;
T_11 ;
    %wait E_000001f3f421b3b0;
    %load/vec4 v000001f3f42a4c30_0;
    %flag_set/vec4 8;
    %jmp/0xz  T_11.0, 8;
    %load/vec4 v000001f3f42a33d0_0;
    %assign/vec4 v000001f3f42a2e30_0, 0;
T_11.0 ;
    %jmp T_11;
    .thread T_11;
    .scope S_000001f3f4246e40;
T_12 ;
    %pushi/vec4 0, 0, 1;
    %store/vec4 v000001f3f42a5450_0, 0, 1;
    %end;
    .thread T_12;
    .scope S_000001f3f4246e40;
T_13 ;
    %wait E_000001f3f421b6b0;
    %load/vec4 v000001f3f42a3470_0;
    %flag_set/vec4 8;
    %jmp/0xz  T_13.0, 8;
    %pushi/vec4 0, 0, 1;
    %assign/vec4 v000001f3f42a5450_0, 0;
    %jmp T_13.1;
T_13.0 ;
    %load/vec4 v000001f3f42a4050_0;
    %flag_set/vec4 8;
    %jmp/0xz  T_13.2, 8;
    %load/vec4 v000001f3f42a2ed0_0;
    %assign/vec4 v000001f3f42a5450_0, 0;
T_13.2 ;
T_13.1 ;
    %jmp T_13;
    .thread T_13;
    .scope S_000001f3f3faaa70;
T_14 ;
    %pushi/vec4 0, 0, 1;
    %store/vec4 v000001f3f42a5270_0, 0, 1;
    %end;
    .thread T_14;
    .scope S_000001f3f3faaa70;
T_15 ;
    %wait E_000001f3f421c170;
    %load/vec4 v000001f3f42a3a10_0;
    %flag_set/vec4 8;
    %jmp/0xz  T_15.0, 8;
    %pushi/vec4 1, 0, 1;
    %assign/vec4 v000001f3f42a5270_0, 0;
    %jmp T_15.1;
T_15.0 ;
    %load/vec4 v000001f3f42a3e70_0;
    %flag_set/vec4 8;
    %jmp/0xz  T_15.2, 8;
    %load/vec4 v000001f3f42a4870_0;
    %assign/vec4 v000001f3f42a5270_0, 0;
T_15.2 ;
T_15.1 ;
    %jmp T_15;
    .thread T_15;
    .scope S_000001f3f3faac00;
T_16 ;
    %pushi/vec4 0, 0, 1;
    %store/vec4 v000001f3f42a3dd0_0, 0, 1;
    %end;
    .thread T_16;
    .scope S_000001f3f3faac00;
T_17 ;
    %wait E_000001f3f421b670;
    %load/vec4 v000001f3f42a54f0_0;
    %flag_set/vec4 8;
    %jmp/0xz  T_17.0, 8;
    %load/vec4 v000001f3f42a3150_0;
    %flag_set/vec4 8;
    %jmp/0xz  T_17.2, 8;
    %pushi/vec4 0, 0, 1;
    %assign/vec4 v000001f3f42a3dd0_0, 0;
    %jmp T_17.3;
T_17.2 ;
    %load/vec4 v000001f3f42a3ab0_0;
    %assign/vec4 v000001f3f42a3dd0_0, 0;
T_17.3 ;
T_17.0 ;
    %jmp T_17;
    .thread T_17;
    .scope S_000001f3f3faad90;
T_18 ;
    %pushi/vec4 0, 0, 1;
    %store/vec4 v000001f3f42a35b0_0, 0, 1;
    %end;
    .thread T_18;
    .scope S_000001f3f3faad90;
T_19 ;
    %wait E_000001f3f421bfb0;
    %load/vec4 v000001f3f42a3b50_0;
    %flag_set/vec4 8;
    %jmp/0xz  T_19.0, 8;
    %load/vec4 v000001f3f42a3bf0_0;
    %flag_set/vec4 8;
    %jmp/0xz  T_19.2, 8;
    %pushi/vec4 1, 0, 1;
    %assign/vec4 v000001f3f42a35b0_0, 0;
    %jmp T_19.3;
T_19.2 ;
    %load/vec4 v000001f3f42a3010_0;
    %assign/vec4 v000001f3f42a35b0_0, 0;
T_19.3 ;
T_19.0 ;
    %jmp T_19;
    .thread T_19;
    .scope S_000001f3f3fb68e0;
T_20 ;
    %pushi/vec4 0, 0, 1;
    %store/vec4 v000001f3f42a5130_0, 0, 1;
    %end;
    .thread T_20;
    .scope S_000001f3f3fb68e0;
T_21 ;
    %wait E_000001f3f421b730;
    %load/vec4 v000001f3f42a4d70_0;
    %assign/vec4 v000001f3f42a5130_0, 0;
    %jmp T_21;
    .thread T_21;
    .scope S_000001f3f3fb6a70;
T_22 ;
    %pushi/vec4 0, 0, 1;
    %store/vec4 v000001f3f42a49b0_0, 0, 1;
    %end;
    .thread T_22;
    .scope S_000001f3f3fb6a70;
T_23 ;
    %wait E_000001f3f421c1b0;
    %load/vec4 v000001f3f42a4410_0;
    %flag_set/vec4 8;
    %jmp/0xz  T_23.0, 8;
    %load/vec4 v000001f3f42a2f70_0;
    %assign/vec4 v000001f3f42a49b0_0, 0;
T_23.0 ;
    %jmp T_23;
    .thread T_23;
    .scope S_000001f3f3fb6c00;
T_24 ;
    %pushi/vec4 0, 0, 1;
    %store/vec4 v000001f3f42a30b0_0, 0, 1;
    %end;
    .thread T_24;
    .scope S_000001f3f3fb6c00;
T_25 ;
    %wait E_000001f3f421bbf0;
    %load/vec4 v000001f3f42a53b0_0;
    %flag_set/vec4 8;
    %jmp/0xz  T_25.0, 8;
    %pushi/vec4 0, 0, 1;
    %assign/vec4 v000001f3f42a30b0_0, 0;
    %jmp T_25.1;
T_25.0 ;
    %load/vec4 v000001f3f42a40f0_0;
    %flag_set/vec4 8;
    %jmp/0xz  T_25.2, 8;
    %load/vec4 v000001f3f42a4910_0;
    %assign/vec4 v000001f3f42a30b0_0, 0;
T_25.2 ;
T_25.1 ;
    %jmp T_25;
    .thread T_25;
    .scope S_000001f3f3fb1f10;
T_26 ;
    %pushi/vec4 0, 0, 1;
    %store/vec4 v000001f3f42a4190_0, 0, 1;
    %end;
    .thread T_26;
    .scope S_000001f3f3fb1f10;
T_27 ;
    %wait E_000001f3f421beb0;
    %load/vec4 v000001f3f42a4eb0_0;
    %flag_set/vec4 8;
    %jmp/0xz  T_27.0, 8;
    %pushi/vec4 1, 0, 1;
    %assign/vec4 v000001f3f42a4190_0, 0;
    %jmp T_27.1;
T_27.0 ;
    %load/vec4 v000001f3f42a3330_0;
    %flag_set/vec4 8;
    %jmp/0xz  T_27.2, 8;
    %load/vec4 v000001f3f42a3510_0;
    %assign/vec4 v000001f3f42a4190_0, 0;
T_27.2 ;
T_27.1 ;
    %jmp T_27;
    .thread T_27;
    .scope S_000001f3f4247020;
T_28 ;
    %pushi/vec4 0, 0, 1;
    %store/vec4 v000001f3f42a4af0_0, 0, 1;
    %end;
    .thread T_28;
    .scope S_000001f3f4247020;
T_29 ;
    %wait E_000001f3f421b5f0;
    %load/vec4 v000001f3f42a4730_0;
    %flag_set/vec4 8;
    %jmp/0xz  T_29.0, 8;
    %load/vec4 v000001f3f42a3c90_0;
    %flag_set/vec4 8;
    %jmp/0xz  T_29.2, 8;
    %pushi/vec4 0, 0, 1;
    %assign/vec4 v000001f3f42a4af0_0, 0;
    %jmp T_29.3;
T_29.2 ;
    %load/vec4 v000001f3f42a4ff0_0;
    %assign/vec4 v000001f3f42a4af0_0, 0;
T_29.3 ;
T_29.0 ;
    %jmp T_29;
    .thread T_29;
    .scope S_000001f3f4247b10;
T_30 ;
    %pushi/vec4 0, 0, 1;
    %store/vec4 v000001f3f42a4f50_0, 0, 1;
    %end;
    .thread T_30;
    .scope S_000001f3f4247b10;
T_31 ;
    %wait E_000001f3f421bb30;
    %load/vec4 v000001f3f42a3650_0;
    %flag_set/vec4 8;
    %jmp/0xz  T_31.0, 8;
    %load/vec4 v000001f3f42a51d0_0;
    %flag_set/vec4 8;
    %jmp/0xz  T_31.2, 8;
    %pushi/vec4 1, 0, 1;
    %assign/vec4 v000001f3f42a4f50_0, 0;
    %jmp T_31.3;
T_31.2 ;
    %load/vec4 v000001f3f42a4b90_0;
    %assign/vec4 v000001f3f42a4f50_0, 0;
T_31.3 ;
T_31.0 ;
    %jmp T_31;
    .thread T_31;
    .scope S_000001f3f42477f0;
T_32 ;
    %pushi/vec4 0, 0, 1;
    %store/vec4 v000001f3f42a4370_0, 0, 1;
    %end;
    .thread T_32;
    .scope S_000001f3f42477f0;
T_33 ;
    %wait E_000001f3f421b870;
    %load/vec4 v000001f3f42a3830_0;
    %flag_set/vec4 8;
    %jmp/0xz  T_33.0, 8;
    %pushi/vec4 0, 0, 1;
    %assign/vec4 v000001f3f42a4370_0, 0;
    %jmp T_33.1;
T_33.0 ;
    %load/vec4 v000001f3f42a3790_0;
    %assign/vec4 v000001f3f42a4370_0, 0;
T_33.1 ;
    %jmp T_33;
    .thread T_33;
    .scope S_000001f3f4247660;
T_34 ;
    %pushi/vec4 0, 0, 1;
    %store/vec4 v000001f3f42a3f10_0, 0, 1;
    %end;
    .thread T_34;
    .scope S_000001f3f4247660;
T_35 ;
    %wait E_000001f3f421bcb0;
    %load/vec4 v000001f3f42a5310_0;
    %flag_set/vec4 8;
    %jmp/0xz  T_35.0, 8;
    %pushi/vec4 1, 0, 1;
    %assign/vec4 v000001f3f42a3f10_0, 0;
    %jmp T_35.1;
T_35.0 ;
    %load/vec4 v000001f3f42a5090_0;
    %assign/vec4 v000001f3f42a3f10_0, 0;
T_35.1 ;
    %jmp T_35;
    .thread T_35;
    .scope S_000001f3f4247980;
T_36 ;
    %pushi/vec4 0, 0, 1;
    %store/vec4 v000001f3f42a42d0_0, 0, 1;
    %end;
    .thread T_36;
    .scope S_000001f3f4247980;
T_37 ;
    %wait E_000001f3f421c1f0;
    %load/vec4 v000001f3f42a6990_0;
    %flag_set/vec4 8;
    %jmp/0xz  T_37.0, 8;
    %pushi/vec4 0, 0, 1;
    %assign/vec4 v000001f3f42a42d0_0, 0;
    %jmp T_37.1;
T_37.0 ;
    %load/vec4 v000001f3f42a4230_0;
    %assign/vec4 v000001f3f42a42d0_0, 0;
T_37.1 ;
    %jmp T_37;
    .thread T_37;
    .scope S_000001f3f4247ca0;
T_38 ;
    %pushi/vec4 0, 0, 1;
    %store/vec4 v000001f3f42a6850_0, 0, 1;
    %end;
    .thread T_38;
    .scope S_000001f3f4247ca0;
T_39 ;
    %wait E_000001f3f421b5b0;
    %load/vec4 v000001f3f42a6670_0;
    %flag_set/vec4 8;
    %jmp/0xz  T_39.0, 8;
    %pushi/vec4 1, 0, 1;
    %assign/vec4 v000001f3f42a6850_0, 0;
    %jmp T_39.1;
T_39.0 ;
    %load/vec4 v000001f3f42a5bd0_0;
    %assign/vec4 v000001f3f42a6850_0, 0;
T_39.1 ;
    %jmp T_39;
    .thread T_39;
    .scope S_000001f3f42471b0;
T_40 ;
    %pushi/vec4 0, 0, 1;
    %store/vec4 v000001f3f42a6350_0, 0, 1;
    %end;
    .thread T_40;
    .scope S_000001f3f42471b0;
T_41 ;
    %wait E_000001f3f421b770;
    %load/vec4 v000001f3f42a60d0_0;
    %flag_set/vec4 8;
    %jmp/0xz  T_41.0, 8;
    %pushi/vec4 0, 0, 1;
    %assign/vec4 v000001f3f42a6350_0, 0;
    %jmp T_41.1;
T_41.0 ;
    %load/vec4 v000001f3f42a65d0_0;
    %assign/vec4 v000001f3f42a6350_0, 0;
T_41.1 ;
    %jmp T_41;
    .thread T_41;
    .scope S_000001f3f4247e30;
T_42 ;
    %pushi/vec4 0, 0, 1;
    %store/vec4 v000001f3f42a6ad0_0, 0, 1;
    %end;
    .thread T_42;
    .scope S_000001f3f4247e30;
T_43 ;
    %wait E_000001f3f421c130;
    %load/vec4 v000001f3f42a6530_0;
    %flag_set/vec4 8;
    %jmp/0xz  T_43.0, 8;
    %pushi/vec4 1, 0, 1;
    %assign/vec4 v000001f3f42a6ad0_0, 0;
    %jmp T_43.1;
T_43.0 ;
    %load/vec4 v000001f3f42a6490_0;
    %assign/vec4 v000001f3f42a6ad0_0, 0;
T_43.1 ;
    %jmp T_43;
    .thread T_43;
    .scope S_000001f3f4247340;
T_44 ;
    %pushi/vec4 0, 0, 1;
    %store/vec4 v000001f3f42a68f0_0, 0, 1;
    %end;
    .thread T_44;
    .scope S_000001f3f4247340;
T_45 ;
    %wait E_000001f3f421b7b0;
    %load/vec4 v000001f3f42a5d10_0;
    %flag_set/vec4 8;
    %jmp/0xz  T_45.0, 8;
    %pushi/vec4 0, 0, 1;
    %assign/vec4 v000001f3f42a68f0_0, 0;
    %jmp T_45.1;
T_45.0 ;
    %load/vec4 v000001f3f42a5590_0;
    %assign/vec4 v000001f3f42a68f0_0, 0;
T_45.1 ;
    %jmp T_45;
    .thread T_45;
    .scope S_000001f3f42474d0;
T_46 ;
    %pushi/vec4 0, 0, 1;
    %store/vec4 v000001f3f42a5a90_0, 0, 1;
    %end;
    .thread T_46;
    .scope S_000001f3f42474d0;
T_47 ;
    %wait E_000001f3f421b530;
    %load/vec4 v000001f3f42a56d0_0;
    %flag_set/vec4 8;
    %jmp/0xz  T_47.0, 8;
    %pushi/vec4 1, 0, 1;
    %assign/vec4 v000001f3f42a5a90_0, 0;
    %jmp T_47.1;
T_47.0 ;
    %load/vec4 v000001f3f42a6c10_0;
    %assign/vec4 v000001f3f42a5a90_0, 0;
T_47.1 ;
    %jmp T_47;
    .thread T_47;
    .scope S_000001f3f42519d0;
T_48 ;
    %wait E_000001f3f421bdf0;
    %load/vec4 v000001f3f42a8ec0_0;
    %assign/vec4 v000001f3f42a8600_0, 0;
    %jmp T_48;
    .thread T_48;
    .scope S_000001f3f42519d0;
T_49 ;
    %wait E_000001f3f421bdf0;
    %load/vec4 v000001f3f42a8ec0_0;
    %flag_set/vec4 8;
    %jmp/0xz  T_49.0, 8;
    %load/vec4 v000001f3f42a59f0_0;
    %assign/vec4 v000001f3f42a8d80_0, 0;
T_49.0 ;
    %jmp T_49;
    .thread T_49;
    .scope S_000001f3f42519d0;
T_50 ;
    %wait E_000001f3f421bf30;
    %load/vec4 v000001f3f42a8600_0;
    %flag_set/vec4 8;
    %jmp/0xz  T_50.0, 8;
    %load/vec4 v000001f3f42a59f0_0;
    %assign/vec4 v000001f3f42a90a0_0, 0;
T_50.0 ;
    %jmp T_50;
    .thread T_50;
    .scope S_000001f3f42519d0;
T_51 ;
    %wait E_000001f3f421b4b0;
    %load/vec4 v000001f3f42a8ec0_0;
    %assign/vec4 v000001f3f42a89c0_0, 0;
    %jmp T_51;
    .thread T_51;
    .scope S_000001f3f42519d0;
T_52 ;
    %wait E_000001f3f421b4b0;
    %load/vec4 v000001f3f42a8ec0_0;
    %flag_set/vec4 8;
    %jmp/0xz  T_52.0, 8;
    %load/vec4 v000001f3f42a58b0_0;
    %assign/vec4 v000001f3f42a9140_0, 0;
T_52.0 ;
    %jmp T_52;
    .thread T_52;
    .scope S_000001f3f42519d0;
T_53 ;
    %wait E_000001f3f421ba30;
    %load/vec4 v000001f3f42a89c0_0;
    %flag_set/vec4 8;
    %jmp/0xz  T_53.0, 8;
    %load/vec4 v000001f3f42a5770_0;
    %assign/vec4 v000001f3f42a7700_0, 0;
T_53.0 ;
    %jmp T_53;
    .thread T_53;
    .scope S_000001f3f42519d0;
T_54 ;
    %wait E_000001f3f421b4b0;
    %load/vec4 v000001f3f42a8ec0_0;
    %flag_set/vec4 8;
    %jmp/0xz  T_54.0, 8;
    %load/vec4 v000001f3f42a5950_0;
    %assign/vec4 v000001f3f42a8b00_0, 0;
T_54.0 ;
    %jmp T_54;
    .thread T_54;
    .scope S_000001f3f42516b0;
T_55 ;
    %wait E_000001f3f421c370;
    %load/vec4 v000001f3f42a8d80_0;
    %store/vec4 v000001f3f42a7840_0, 0, 1;
    %load/vec4 v000001f3f42a90a0_0;
    %store/vec4 v000001f3f42a7fc0_0, 0, 1;
    %jmp T_55;
    .thread T_55, $push;
    .scope S_000001f3f42516b0;
T_56 ;
    %wait E_000001f3f421b6f0;
    %load/vec4 v000001f3f42a5ef0_0;
    %assign/vec4 v000001f3f42a8e20_0, 0;
    %jmp T_56;
    .thread T_56, $push;
    .scope S_000001f3f42516b0;
T_57 ;
    %wait E_000001f3f421bdb0;
    %load/vec4 v000001f3f42a8e20_0;
    %assign/vec4 v000001f3f42a9000_0, 0;
    %jmp T_57;
    .thread T_57, $push;
    .scope S_000001f3f42516b0;
T_58 ;
    %wait E_000001f3f421bb70;
    %load/vec4 v000001f3f42a9000_0;
    %pushi/vec4 0, 0, 1;
    %xor;
    %flag_set/vec4 8;
    %jmp/1 T_58.2, 8;
    %pushi/vec4 0, 0, 1;
    %flag_set/vec4 9;
    %flag_or 8, 9;
T_58.2;
    %jmp/0 T_58.0, 8;
    %load/vec4 v000001f3f42a9140_0;
    %jmp/1 T_58.1, 8;
T_58.0 ; End of true expr.
    %load/vec4 v000001f3f42a7700_0;
    %jmp/0 T_58.1, 8;
 ; End of false expr.
    %blend;
T_58.1;
    %store/vec4 v000001f3f42a8ba0_0, 0, 1;
    %jmp T_58;
    .thread T_58, $push;
    .scope S_000001f3f4251cf0;
T_59 ;
    %wait E_000001f3f421b7f0;
    %load/vec4 v000001f3f42a98c0_0;
    %flag_set/vec4 8;
    %jmp/0xz  T_59.0, 8;
    %load/vec4 v000001f3f42aa360_0;
    %assign/vec4 v000001f3f42a9780_0, 0;
T_59.0 ;
    %jmp T_59;
    .thread T_59;
    .scope S_000001f3f4251cf0;
T_60 ;
    %wait E_000001f3f421bcf0;
    %load/vec4 v000001f3f42a98c0_0;
    %flag_set/vec4 8;
    %jmp/0xz  T_60.0, 8;
    %load/vec4 v000001f3f42aa360_0;
    %assign/vec4 v000001f3f42a9c80_0, 0;
T_60.0 ;
    %jmp T_60;
    .thread T_60;
    .scope S_000001f3f4251cf0;
T_61 ;
    %wait E_000001f3f421be30;
    %load/vec4 v000001f3f42a98c0_0;
    %flag_set/vec4 8;
    %jmp/0xz  T_61.0, 8;
    %load/vec4 v000001f3f42a95a0_0;
    %assign/vec4 v000001f3f42aa400_0, 0;
T_61.0 ;
    %jmp T_61;
    .thread T_61;
    .scope S_000001f3f4251cf0;
T_62 ;
    %wait E_000001f3f421c230;
    %load/vec4 v000001f3f42a98c0_0;
    %flag_set/vec4 8;
    %jmp/0xz  T_62.0, 8;
    %load/vec4 v000001f3f42aa0e0_0;
    %assign/vec4 v000001f3f42a9e60_0, 0;
T_62.0 ;
    %jmp T_62;
    .thread T_62;
    .scope S_000001f3f4251cf0;
T_63 ;
    %wait E_000001f3f421be30;
    %load/vec4 v000001f3f42a98c0_0;
    %flag_set/vec4 8;
    %jmp/0xz  T_63.0, 8;
    %load/vec4 v000001f3f42aaae0_0;
    %assign/vec4 v000001f3f42aa040_0, 0;
T_63.0 ;
    %jmp T_63;
    .thread T_63;
    .scope S_000001f3f4249610;
T_64 ;
    %wait E_000001f3f421ba70;
    %load/vec4 v000001f3f42a9780_0;
    %store/vec4 v000001f3f42aa720_0, 0, 1;
    %load/vec4 v000001f3f42a9c80_0;
    %store/vec4 v000001f3f42a9b40_0, 0, 1;
    %jmp T_64;
    .thread T_64, $push;
    .scope S_000001f3f4249610;
T_65 ;
    %wait E_000001f3f421b4f0;
    %load/vec4 v000001f3f42a96e0_0;
    %assign/vec4 v000001f3f42aac20_0, 0;
    %jmp T_65;
    .thread T_65, $push;
    .scope S_000001f3f4249610;
T_66 ;
    %wait E_000001f3f421bc30;
    %load/vec4 v000001f3f42aac20_0;
    %assign/vec4 v000001f3f42a9f00_0, 0;
    %jmp T_66;
    .thread T_66, $push;
    .scope S_000001f3f4249610;
T_67 ;
    %wait E_000001f3f421c3b0;
    %load/vec4 v000001f3f42a9f00_0;
    %pushi/vec4 0, 0, 1;
    %xor;
    %flag_set/vec4 8;
    %jmp/1 T_67.2, 8;
    %pushi/vec4 0, 0, 1;
    %flag_set/vec4 9;
    %flag_or 8, 9;
T_67.2;
    %jmp/0 T_67.0, 8;
    %load/vec4 v000001f3f42aa400_0;
    %jmp/1 T_67.1, 8;
T_67.0 ; End of true expr.
    %load/vec4 v000001f3f42a9e60_0;
    %jmp/0 T_67.1, 8;
 ; End of false expr.
    %blend;
T_67.1;
    %store/vec4 v000001f3f42a9d20_0, 0, 1;
    %jmp T_67;
    .thread T_67, $push;
    .scope S_000001f3f4250d50;
T_68 ;
    %wait E_000001f3f421bd30;
    %load/vec4 v000001f3f42aa180_0;
    %flag_set/vec4 8;
    %jmp/0xz  T_68.0, 8;
    %load/vec4 v000001f3f42abba0_0;
    %assign/vec4 v000001f3f42ac1e0_0, 0;
T_68.0 ;
    %jmp T_68;
    .thread T_68;
    .scope S_000001f3f4250d50;
T_69 ;
    %wait E_000001f3f421b630;
    %load/vec4 v000001f3f42aa180_0;
    %flag_set/vec4 8;
    %jmp/0xz  T_69.0, 8;
    %load/vec4 v000001f3f42abba0_0;
    %assign/vec4 v000001f3f42ad680_0, 0;
T_69.0 ;
    %jmp T_69;
    .thread T_69;
    .scope S_000001f3f4250d50;
T_70 ;
    %wait E_000001f3f421be70;
    %load/vec4 v000001f3f42aa180_0;
    %flag_set/vec4 8;
    %jmp/0xz  T_70.0, 8;
    %load/vec4 v000001f3f42aa900_0;
    %assign/vec4 v000001f3f42ad360_0, 0;
T_70.0 ;
    %jmp T_70;
    .thread T_70;
    .scope S_000001f3f4250d50;
T_71 ;
    %wait E_000001f3f421c430;
    %load/vec4 v000001f3f42aa180_0;
    %flag_set/vec4 8;
    %jmp/0xz  T_71.0, 8;
    %load/vec4 v000001f3f42aa9a0_0;
    %assign/vec4 v000001f3f42ab600_0, 0;
T_71.0 ;
    %jmp T_71;
    .thread T_71;
    .scope S_000001f3f4250d50;
T_72 ;
    %wait E_000001f3f421be70;
    %load/vec4 v000001f3f42aa180_0;
    %flag_set/vec4 8;
    %jmp/0xz  T_72.0, 8;
    %load/vec4 v000001f3f42ab4c0_0;
    %assign/vec4 v000001f3f42ad2c0_0, 0;
T_72.0 ;
    %jmp T_72;
    .thread T_72;
    .scope S_000001f3f4248990;
T_73 ;
    %wait E_000001f3f421c3f0;
    %load/vec4 v000001f3f42ac1e0_0;
    %store/vec4 v000001f3f42ab560_0, 0, 1;
    %load/vec4 v000001f3f42ad680_0;
    %store/vec4 v000001f3f42aba60_0, 0, 1;
    %jmp T_73;
    .thread T_73, $push;
    .scope S_000001f3f4248990;
T_74 ;
    %wait E_000001f3f421bab0;
    %load/vec4 v000001f3f42abec0_0;
    %assign/vec4 v000001f3f42ab920_0, 0;
    %jmp T_74;
    .thread T_74, $push;
    .scope S_000001f3f4248990;
T_75 ;
    %wait E_000001f3f421b9f0;
    %load/vec4 v000001f3f42ab920_0;
    %assign/vec4 v000001f3f42acfa0_0, 0;
    %jmp T_75;
    .thread T_75, $push;
    .scope S_000001f3f4248990;
T_76 ;
    %wait E_000001f3f421c270;
    %load/vec4 v000001f3f42acfa0_0;
    %pushi/vec4 0, 0, 1;
    %xor;
    %flag_set/vec4 8;
    %jmp/1 T_76.2, 8;
    %pushi/vec4 0, 0, 1;
    %flag_set/vec4 9;
    %flag_or 8, 9;
T_76.2;
    %jmp/0 T_76.0, 8;
    %load/vec4 v000001f3f42ad360_0;
    %jmp/1 T_76.1, 8;
T_76.0 ; End of true expr.
    %load/vec4 v000001f3f42ab600_0;
    %jmp/0 T_76.1, 8;
 ; End of false expr.
    %blend;
T_76.1;
    %store/vec4 v000001f3f42ac460_0, 0, 1;
    %jmp T_76;
    .thread T_76, $push;
    .scope S_000001f3f4248b20;
T_77 ;
    %wait E_000001f3f421bc70;
    %load/vec4 v000001f3f42aebc0_0;
    %flag_set/vec4 8;
    %jmp/0xz  T_77.0, 8;
    %pushi/vec4 0, 0, 16;
    %assign/vec4 v000001f3f42b10a0_0, 0;
    %pushi/vec4 0, 0, 16;
    %assign/vec4 v000001f3f42b0ba0_0, 0;
    %jmp T_77.1;
T_77.0 ;
    %load/vec4 v000001f3f42ae1c0_0;
    %flag_set/vec4 8;
    %jmp/0xz  T_77.2, 8;
    %load/vec4 v000001f3f42af480_0;
    %nor/r;
    %flag_set/vec4 8;
    %jmp/0xz  T_77.4, 8;
    %load/vec4 v000001f3f42afe80_0;
    %assign/vec4 v000001f3f42b10a0_0, 0;
T_77.4 ;
    %load/vec4 v000001f3f42ab1a0_0;
    %nor/r;
    %flag_set/vec4 8;
    %jmp/0xz  T_77.6, 8;
    %load/vec4 v000001f3f42ac320_0;
    %assign/vec4 v000001f3f42b0ba0_0, 0;
T_77.6 ;
T_77.2 ;
T_77.1 ;
    %jmp T_77;
    .thread T_77;
    .scope S_000001f3f4248b20;
T_78 ;
    %wait E_000001f3f421bbb0;
    %load/vec4 v000001f3f42aeda0_0;
    %flag_set/vec4 8;
    %jmp/0xz  T_78.0, 8;
    %pushi/vec4 0, 0, 16;
    %assign/vec4 v000001f3f42b0740_0, 0;
    %pushi/vec4 0, 0, 16;
    %assign/vec4 v000001f3f42b0c40_0, 0;
    %jmp T_78.1;
T_78.0 ;
    %load/vec4 v000001f3f42ae1c0_0;
    %flag_set/vec4 8;
    %jmp/0xz  T_78.2, 8;
    %load/vec4 v000001f3f42af8e0_0;
    %nor/r;
    %flag_set/vec4 8;
    %jmp/0xz  T_78.4, 8;
    %load/vec4 v000001f3f42af980_0;
    %assign/vec4 v000001f3f42b0740_0, 0;
T_78.4 ;
    %load/vec4 v000001f3f42aec60_0;
    %nor/r;
    %flag_set/vec4 8;
    %jmp/0xz  T_78.6, 8;
    %load/vec4 v000001f3f42aff20_0;
    %assign/vec4 v000001f3f42b0c40_0, 0;
T_78.6 ;
T_78.2 ;
T_78.1 ;
    %jmp T_78;
    .thread T_78;
    .scope S_000001f3f4248b20;
T_79 ;
    %wait E_000001f3f421bc70;
    %load/vec4 v000001f3f42aebc0_0;
    %flag_set/vec4 8;
    %jmp/0xz  T_79.0, 8;
    %pushi/vec4 0, 0, 16;
    %assign/vec4 v000001f3f42b07e0_0, 0;
    %pushi/vec4 0, 0, 16;
    %assign/vec4 v000001f3f42b0880_0, 0;
    %jmp T_79.1;
T_79.0 ;
    %load/vec4 v000001f3f42ae1c0_0;
    %flag_set/vec4 8;
    %jmp/0xz  T_79.2, 8;
    %load/vec4 v000001f3f42b06a0_0;
    %assign/vec4 v000001f3f42b07e0_0, 0;
    %load/vec4 v000001f3f42b20e0_0;
    %assign/vec4 v000001f3f42b0880_0, 0;
T_79.2 ;
T_79.1 ;
    %jmp T_79;
    .thread T_79;
    .scope S_000001f3f4248b20;
T_80 ;
    %wait E_000001f3f421bbb0;
    %load/vec4 v000001f3f42aeda0_0;
    %flag_set/vec4 8;
    %jmp/0xz  T_80.0, 8;
    %pushi/vec4 0, 0, 16;
    %assign/vec4 v000001f3f42b0f60_0, 0;
    %pushi/vec4 0, 0, 16;
    %assign/vec4 v000001f3f42b1140_0, 0;
    %jmp T_80.1;
T_80.0 ;
    %load/vec4 v000001f3f42ae1c0_0;
    %flag_set/vec4 8;
    %jmp/0xz  T_80.2, 8;
    %load/vec4 v000001f3f42b2400_0;
    %assign/vec4 v000001f3f42b0f60_0, 0;
    %load/vec4 v000001f3f42b09c0_0;
    %assign/vec4 v000001f3f42b1140_0, 0;
T_80.2 ;
T_80.1 ;
    %jmp T_80;
    .thread T_80;
    .scope S_000001f3f4248b20;
T_81 ;
    %wait E_000001f3f421bbb0;
    %load/vec4 v000001f3f42aeda0_0;
    %flag_set/vec4 8;
    %jmp/0xz  T_81.0, 8;
    %pushi/vec4 0, 0, 32;
    %assign/vec4 v000001f3f42b0ec0_0, 0;
    %jmp T_81.1;
T_81.0 ;
    %load/vec4 v000001f3f42ae1c0_0;
    %flag_set/vec4 8;
    %jmp/0xz  T_81.2, 8;
    %load/vec4 v000001f3f42b0380_0;
    %assign/vec4 v000001f3f42b0ec0_0, 0;
T_81.2 ;
T_81.1 ;
    %jmp T_81;
    .thread T_81;
    .scope S_000001f3f4248b20;
T_82 ;
    %wait E_000001f3f421b570;
    %load/vec4 v000001f3f42afac0_0;
    %flag_set/vec4 8;
    %jmp/0xz  T_82.0, 8;
    %pushi/vec4 0, 0, 16;
    %assign/vec4 v000001f3f42b25e0_0, 0;
    %jmp T_82.1;
T_82.0 ;
    %load/vec4 v000001f3f42ae1c0_0;
    %flag_set/vec4 8;
    %jmp/0xz  T_82.2, 8;
    %load/vec4 v000001f3f42ae9e0_0;
    %nor/r;
    %flag_set/vec4 8;
    %jmp/0xz  T_82.4, 8;
    %load/vec4 v000001f3f42b16e0_0;
    %assign/vec4 v000001f3f42b25e0_0, 0;
T_82.4 ;
T_82.2 ;
T_82.1 ;
    %jmp T_82;
    .thread T_82;
    .scope S_000001f3f4248b20;
T_83 ;
    %wait E_000001f3f421baf0;
    %load/vec4 v000001f3f42af5c0_0;
    %flag_set/vec4 8;
    %jmp/0xz  T_83.0, 8;
    %pushi/vec4 0, 0, 16;
    %assign/vec4 v000001f3f42b1be0_0, 0;
    %jmp T_83.1;
T_83.0 ;
    %load/vec4 v000001f3f42ae1c0_0;
    %flag_set/vec4 8;
    %jmp/0xz  T_83.2, 8;
    %load/vec4 v000001f3f42afc00_0;
    %nor/r;
    %flag_set/vec4 8;
    %jmp/0xz  T_83.4, 8;
    %load/vec4 v000001f3f42b2360_0;
    %assign/vec4 v000001f3f42b1be0_0, 0;
T_83.4 ;
T_83.2 ;
T_83.1 ;
    %jmp T_83;
    .thread T_83;
    .scope S_000001f3f4250ee0;
T_84 ;
    %pushi/vec4 0, 0, 32;
    %store/vec4 v000001f3f42c5460_0, 0, 32;
T_84.0 ; Top of for-loop
    %load/vec4 v000001f3f42c5460_0;
    %cmpi/s 16, 0, 32;
	  %jmp/0xz T_84.1, 5;
    %pushi/vec4 0, 0, 256;
    %load/vec4 v000001f3f42c5460_0;
    %muli 16, 0, 32;
    %part/s 16;
    %pushi/vec4 0, 0, 32;
    %load/vec4 v000001f3f42c5460_0;
    %add;
    %ix/vec4/s 4;
    %store/vec4a v000001f3f42c55a0, 4, 0;
    %pushi/vec4 0, 0, 256;
    %load/vec4 v000001f3f42c5460_0;
    %muli 16, 0, 32;
    %part/s 16;
    %pushi/vec4 16, 0, 32;
    %load/vec4 v000001f3f42c5460_0;
    %add;
    %ix/vec4/s 4;
    %store/vec4a v000001f3f42c55a0, 4, 0;
    %pushi/vec4 0, 0, 256;
    %load/vec4 v000001f3f42c5460_0;
    %muli 16, 0, 32;
    %part/s 16;
    %pushi/vec4 32, 0, 32;
    %load/vec4 v000001f3f42c5460_0;
    %add;
    %ix/vec4/s 4;
    %store/vec4a v000001f3f42c55a0, 4, 0;
    %pushi/vec4 0, 0, 256;
    %load/vec4 v000001f3f42c5460_0;
    %muli 16, 0, 32;
    %part/s 16;
    %pushi/vec4 48, 0, 32;
    %load/vec4 v000001f3f42c5460_0;
    %add;
    %ix/vec4/s 4;
    %store/vec4a v000001f3f42c55a0, 4, 0;
    %pushi/vec4 0, 0, 256;
    %load/vec4 v000001f3f42c5460_0;
    %muli 16, 0, 32;
    %part/s 16;
    %pushi/vec4 64, 0, 32;
    %load/vec4 v000001f3f42c5460_0;
    %add;
    %ix/vec4/s 4;
    %store/vec4a v000001f3f42c55a0, 4, 0;
    %pushi/vec4 0, 0, 256;
    %load/vec4 v000001f3f42c5460_0;
    %muli 16, 0, 32;
    %part/s 16;
    %pushi/vec4 80, 0, 32;
    %load/vec4 v000001f3f42c5460_0;
    %add;
    %ix/vec4/s 4;
    %store/vec4a v000001f3f42c55a0, 4, 0;
    %pushi/vec4 0, 0, 256;
    %load/vec4 v000001f3f42c5460_0;
    %muli 16, 0, 32;
    %part/s 16;
    %pushi/vec4 96, 0, 32;
    %load/vec4 v000001f3f42c5460_0;
    %add;
    %ix/vec4/s 4;
    %store/vec4a v000001f3f42c55a0, 4, 0;
    %pushi/vec4 0, 0, 256;
    %load/vec4 v000001f3f42c5460_0;
    %muli 16, 0, 32;
    %part/s 16;
    %pushi/vec4 112, 0, 32;
    %load/vec4 v000001f3f42c5460_0;
    %add;
    %ix/vec4/s 4;
    %store/vec4a v000001f3f42c55a0, 4, 0;
    %pushi/vec4 0, 0, 256;
    %load/vec4 v000001f3f42c5460_0;
    %muli 16, 0, 32;
    %part/s 16;
    %pushi/vec4 128, 0, 32;
    %load/vec4 v000001f3f42c5460_0;
    %add;
    %ix/vec4/s 4;
    %store/vec4a v000001f3f42c55a0, 4, 0;
    %pushi/vec4 0, 0, 256;
    %load/vec4 v000001f3f42c5460_0;
    %muli 16, 0, 32;
    %part/s 16;
    %pushi/vec4 144, 0, 32;
    %load/vec4 v000001f3f42c5460_0;
    %add;
    %ix/vec4/s 4;
    %store/vec4a v000001f3f42c55a0, 4, 0;
    %pushi/vec4 0, 0, 256;
    %load/vec4 v000001f3f42c5460_0;
    %muli 16, 0, 32;
    %part/s 16;
    %pushi/vec4 160, 0, 32;
    %load/vec4 v000001f3f42c5460_0;
    %add;
    %ix/vec4/s 4;
    %store/vec4a v000001f3f42c55a0, 4, 0;
    %pushi/vec4 0, 0, 256;
    %load/vec4 v000001f3f42c5460_0;
    %muli 16, 0, 32;
    %part/s 16;
    %pushi/vec4 176, 0, 32;
    %load/vec4 v000001f3f42c5460_0;
    %add;
    %ix/vec4/s 4;
    %store/vec4a v000001f3f42c55a0, 4, 0;
    %pushi/vec4 0, 0, 256;
    %load/vec4 v000001f3f42c5460_0;
    %muli 16, 0, 32;
    %part/s 16;
    %pushi/vec4 192, 0, 32;
    %load/vec4 v000001f3f42c5460_0;
    %add;
    %ix/vec4/s 4;
    %store/vec4a v000001f3f42c55a0, 4, 0;
    %pushi/vec4 0, 0, 256;
    %load/vec4 v000001f3f42c5460_0;
    %muli 16, 0, 32;
    %part/s 16;
    %pushi/vec4 208, 0, 32;
    %load/vec4 v000001f3f42c5460_0;
    %add;
    %ix/vec4/s 4;
    %store/vec4a v000001f3f42c55a0, 4, 0;
    %pushi/vec4 0, 0, 256;
    %load/vec4 v000001f3f42c5460_0;
    %muli 16, 0, 32;
    %part/s 16;
    %pushi/vec4 224, 0, 32;
    %load/vec4 v000001f3f42c5460_0;
    %add;
    %ix/vec4/s 4;
    %store/vec4a v000001f3f42c55a0, 4, 0;
    %pushi/vec4 0, 0, 256;
    %load/vec4 v000001f3f42c5460_0;
    %muli 16, 0, 32;
    %part/s 16;
    %pushi/vec4 240, 0, 32;
    %load/vec4 v000001f3f42c5460_0;
    %add;
    %ix/vec4/s 4;
    %store/vec4a v000001f3f42c55a0, 4, 0;
T_84.2 ; for-loop step statement
    %load/vec4 v000001f3f42c5460_0;
    %addi 1, 0, 32;
    %store/vec4 v000001f3f42c5460_0, 0, 32;
    %jmp T_84.0;
T_84.1 ; for-loop exit label
    %end;
    .thread T_84;
    .scope S_000001f3f4250ee0;
T_85 ;
    %wait E_000001f3f421b830;
    %load/vec4 v000001f3f42c50a0_0;
    %flag_set/vec4 9;
    %flag_get/vec4 9;
    %jmp/0 T_85.2, 9;
    %load/vec4 v000001f3f42c5640_0;
    %and;
T_85.2;
    %flag_set/vec4 8;
    %jmp/0xz  T_85.0, 8;
    %load/vec4 v000001f3f42c56e0_0;
    %parti/s 1, 0, 2;
    %nor/r;
    %flag_set/vec4 8;
    %jmp/0xz  T_85.3, 8;
    %load/vec4 v000001f3f42c53c0_0;
    %parti/s 1, 0, 2;
    %load/vec4 v000001f3f42c3ca0_0;
    %parti/s 8, 0, 2;
    %pad/u 10;
    %ix/vec4 3;
    %ix/load 4, 0, 0; Constant delay
    %assign/vec4/a/d v000001f3f42c55a0, 0, 4;
T_85.3 ;
    %load/vec4 v000001f3f42c56e0_0;
    %parti/s 1, 1, 2;
    %nor/r;
    %flag_set/vec4 8;
    %jmp/0xz  T_85.5, 8;
    %load/vec4 v000001f3f42c53c0_0;
    %parti/s 1, 1, 2;
    %load/vec4 v000001f3f42c3ca0_0;
    %parti/s 8, 0, 2;
    %pad/u 10;
    %ix/vec4 3;
    %ix/load 4, 1, 0; part off
    %ix/load 5, 0, 0; Constant delay
    %assign/vec4/a/d v000001f3f42c55a0, 4, 5;
T_85.5 ;
    %load/vec4 v000001f3f42c56e0_0;
    %parti/s 1, 2, 3;
    %nor/r;
    %flag_set/vec4 8;
    %jmp/0xz  T_85.7, 8;
    %load/vec4 v000001f3f42c53c0_0;
    %parti/s 1, 2, 3;
    %load/vec4 v000001f3f42c3ca0_0;
    %parti/s 8, 0, 2;
    %pad/u 10;
    %ix/vec4 3;
    %ix/load 4, 2, 0; part off
    %ix/load 5, 0, 0; Constant delay
    %assign/vec4/a/d v000001f3f42c55a0, 4, 5;
T_85.7 ;
    %load/vec4 v000001f3f42c56e0_0;
    %parti/s 1, 3, 3;
    %nor/r;
    %flag_set/vec4 8;
    %jmp/0xz  T_85.9, 8;
    %load/vec4 v000001f3f42c53c0_0;
    %parti/s 1, 3, 3;
    %load/vec4 v000001f3f42c3ca0_0;
    %parti/s 8, 0, 2;
    %pad/u 10;
    %ix/vec4 3;
    %ix/load 4, 3, 0; part off
    %ix/load 5, 0, 0; Constant delay
    %assign/vec4/a/d v000001f3f42c55a0, 4, 5;
T_85.9 ;
    %load/vec4 v000001f3f42c56e0_0;
    %parti/s 1, 4, 4;
    %nor/r;
    %flag_set/vec4 8;
    %jmp/0xz  T_85.11, 8;
    %load/vec4 v000001f3f42c53c0_0;
    %parti/s 1, 4, 4;
    %load/vec4 v000001f3f42c3ca0_0;
    %parti/s 8, 0, 2;
    %pad/u 10;
    %ix/vec4 3;
    %ix/load 4, 4, 0; part off
    %ix/load 5, 0, 0; Constant delay
    %assign/vec4/a/d v000001f3f42c55a0, 4, 5;
T_85.11 ;
    %load/vec4 v000001f3f42c56e0_0;
    %parti/s 1, 5, 4;
    %nor/r;
    %flag_set/vec4 8;
    %jmp/0xz  T_85.13, 8;
    %load/vec4 v000001f3f42c53c0_0;
    %parti/s 1, 5, 4;
    %load/vec4 v000001f3f42c3ca0_0;
    %parti/s 8, 0, 2;
    %pad/u 10;
    %ix/vec4 3;
    %ix/load 4, 5, 0; part off
    %ix/load 5, 0, 0; Constant delay
    %assign/vec4/a/d v000001f3f42c55a0, 4, 5;
T_85.13 ;
    %load/vec4 v000001f3f42c56e0_0;
    %parti/s 1, 6, 4;
    %nor/r;
    %flag_set/vec4 8;
    %jmp/0xz  T_85.15, 8;
    %load/vec4 v000001f3f42c53c0_0;
    %parti/s 1, 6, 4;
    %load/vec4 v000001f3f42c3ca0_0;
    %parti/s 8, 0, 2;
    %pad/u 10;
    %ix/vec4 3;
    %ix/load 4, 6, 0; part off
    %ix/load 5, 0, 0; Constant delay
    %assign/vec4/a/d v000001f3f42c55a0, 4, 5;
T_85.15 ;
    %load/vec4 v000001f3f42c56e0_0;
    %parti/s 1, 7, 4;
    %nor/r;
    %flag_set/vec4 8;
    %jmp/0xz  T_85.17, 8;
    %load/vec4 v000001f3f42c53c0_0;
    %parti/s 1, 7, 4;
    %load/vec4 v000001f3f42c3ca0_0;
    %parti/s 8, 0, 2;
    %pad/u 10;
    %ix/vec4 3;
    %ix/load 4, 7, 0; part off
    %ix/load 5, 0, 0; Constant delay
    %assign/vec4/a/d v000001f3f42c55a0, 4, 5;
T_85.17 ;
    %load/vec4 v000001f3f42c56e0_0;
    %parti/s 1, 8, 5;
    %nor/r;
    %flag_set/vec4 8;
    %jmp/0xz  T_85.19, 8;
    %load/vec4 v000001f3f42c53c0_0;
    %parti/s 1, 8, 5;
    %load/vec4 v000001f3f42c3ca0_0;
    %parti/s 8, 0, 2;
    %pad/u 10;
    %ix/vec4 3;
    %ix/load 4, 8, 0; part off
    %ix/load 5, 0, 0; Constant delay
    %assign/vec4/a/d v000001f3f42c55a0, 4, 5;
T_85.19 ;
    %load/vec4 v000001f3f42c56e0_0;
    %parti/s 1, 9, 5;
    %nor/r;
    %flag_set/vec4 8;
    %jmp/0xz  T_85.21, 8;
    %load/vec4 v000001f3f42c53c0_0;
    %parti/s 1, 9, 5;
    %load/vec4 v000001f3f42c3ca0_0;
    %parti/s 8, 0, 2;
    %pad/u 10;
    %ix/vec4 3;
    %ix/load 4, 9, 0; part off
    %ix/load 5, 0, 0; Constant delay
    %assign/vec4/a/d v000001f3f42c55a0, 4, 5;
T_85.21 ;
    %load/vec4 v000001f3f42c56e0_0;
    %parti/s 1, 10, 5;
    %nor/r;
    %flag_set/vec4 8;
    %jmp/0xz  T_85.23, 8;
    %load/vec4 v000001f3f42c53c0_0;
    %parti/s 1, 10, 5;
    %load/vec4 v000001f3f42c3ca0_0;
    %parti/s 8, 0, 2;
    %pad/u 10;
    %ix/vec4 3;
    %ix/load 4, 10, 0; part off
    %ix/load 5, 0, 0; Constant delay
    %assign/vec4/a/d v000001f3f42c55a0, 4, 5;
T_85.23 ;
    %load/vec4 v000001f3f42c56e0_0;
    %parti/s 1, 11, 5;
    %nor/r;
    %flag_set/vec4 8;
    %jmp/0xz  T_85.25, 8;
    %load/vec4 v000001f3f42c53c0_0;
    %parti/s 1, 11, 5;
    %load/vec4 v000001f3f42c3ca0_0;
    %parti/s 8, 0, 2;
    %pad/u 10;
    %ix/vec4 3;
    %ix/load 4, 11, 0; part off
    %ix/load 5, 0, 0; Constant delay
    %assign/vec4/a/d v000001f3f42c55a0, 4, 5;
T_85.25 ;
    %load/vec4 v000001f3f42c56e0_0;
    %parti/s 1, 12, 5;
    %nor/r;
    %flag_set/vec4 8;
    %jmp/0xz  T_85.27, 8;
    %load/vec4 v000001f3f42c53c0_0;
    %parti/s 1, 12, 5;
    %load/vec4 v000001f3f42c3ca0_0;
    %parti/s 8, 0, 2;
    %pad/u 10;
    %ix/vec4 3;
    %ix/load 4, 12, 0; part off
    %ix/load 5, 0, 0; Constant delay
    %assign/vec4/a/d v000001f3f42c55a0, 4, 5;
T_85.27 ;
    %load/vec4 v000001f3f42c56e0_0;
    %parti/s 1, 13, 5;
    %nor/r;
    %flag_set/vec4 8;
    %jmp/0xz  T_85.29, 8;
    %load/vec4 v000001f3f42c53c0_0;
    %parti/s 1, 13, 5;
    %load/vec4 v000001f3f42c3ca0_0;
    %parti/s 8, 0, 2;
    %pad/u 10;
    %ix/vec4 3;
    %ix/load 4, 13, 0; part off
    %ix/load 5, 0, 0; Constant delay
    %assign/vec4/a/d v000001f3f42c55a0, 4, 5;
T_85.29 ;
    %load/vec4 v000001f3f42c56e0_0;
    %parti/s 1, 14, 5;
    %nor/r;
    %flag_set/vec4 8;
    %jmp/0xz  T_85.31, 8;
    %load/vec4 v000001f3f42c53c0_0;
    %parti/s 1, 14, 5;
    %load/vec4 v000001f3f42c3ca0_0;
    %parti/s 8, 0, 2;
    %pad/u 10;
    %ix/vec4 3;
    %ix/load 4, 14, 0; part off
    %ix/load 5, 0, 0; Constant delay
    %assign/vec4/a/d v000001f3f42c55a0, 4, 5;
T_85.31 ;
    %load/vec4 v000001f3f42c56e0_0;
    %parti/s 1, 15, 5;
    %nor/r;
    %flag_set/vec4 8;
    %jmp/0xz  T_85.33, 8;
    %load/vec4 v000001f3f42c53c0_0;
    %parti/s 1, 15, 5;
    %load/vec4 v000001f3f42c3ca0_0;
    %parti/s 8, 0, 2;
    %pad/u 10;
    %ix/vec4 3;
    %ix/load 4, 15, 0; part off
    %ix/load 5, 0, 0; Constant delay
    %assign/vec4/a/d v000001f3f42c55a0, 4, 5;
T_85.33 ;
T_85.0 ;
    %jmp T_85;
    .thread T_85;
    .scope S_000001f3f4250ee0;
T_86 ;
    %wait E_000001f3f421bef0;
    %load/vec4 v000001f3f42c3e80_0;
    %flag_set/vec4 9;
    %flag_get/vec4 9;
    %jmp/0 T_86.2, 9;
    %load/vec4 v000001f3f42c3160_0;
    %and;
T_86.2;
    %flag_set/vec4 8;
    %jmp/0xz  T_86.0, 8;
    %load/vec4 v000001f3f42c3340_0;
    %parti/s 8, 0, 2;
    %pad/u 10;
    %ix/vec4 4;
    %load/vec4a v000001f3f42c55a0, 4;
    %load/vec4 v000001f3f42c42e0_0;
    %inv;
    %and;
    %assign/vec4 v000001f3f42c46a0_0, 0;
T_86.0 ;
    %jmp T_86;
    .thread T_86;
    .scope S_000001f3f42c76c0;
T_87 ;
    %pushi/vec4 0, 0, 32;
    %store/vec4 v000001f3f42bf380_0, 0, 32;
T_87.0 ; Top of for-loop
    %load/vec4 v000001f3f42bf380_0;
    %cmpi/s 16, 0, 32;
	  %jmp/0xz T_87.1, 5;
    %pushi/vec4 0, 0, 256;
    %load/vec4 v000001f3f42bf380_0;
    %muli 16, 0, 32;
    %part/s 16;
    %pushi/vec4 0, 0, 32;
    %load/vec4 v000001f3f42bf380_0;
    %add;
    %ix/vec4/s 4;
    %store/vec4a v000001f3f42bf7e0, 4, 0;
    %pushi/vec4 0, 0, 256;
    %load/vec4 v000001f3f42bf380_0;
    %muli 16, 0, 32;
    %part/s 16;
    %pushi/vec4 16, 0, 32;
    %load/vec4 v000001f3f42bf380_0;
    %add;
    %ix/vec4/s 4;
    %store/vec4a v000001f3f42bf7e0, 4, 0;
    %pushi/vec4 0, 0, 256;
    %load/vec4 v000001f3f42bf380_0;
    %muli 16, 0, 32;
    %part/s 16;
    %pushi/vec4 32, 0, 32;
    %load/vec4 v000001f3f42bf380_0;
    %add;
    %ix/vec4/s 4;
    %store/vec4a v000001f3f42bf7e0, 4, 0;
    %pushi/vec4 0, 0, 256;
    %load/vec4 v000001f3f42bf380_0;
    %muli 16, 0, 32;
    %part/s 16;
    %pushi/vec4 48, 0, 32;
    %load/vec4 v000001f3f42bf380_0;
    %add;
    %ix/vec4/s 4;
    %store/vec4a v000001f3f42bf7e0, 4, 0;
    %pushi/vec4 0, 0, 256;
    %load/vec4 v000001f3f42bf380_0;
    %muli 16, 0, 32;
    %part/s 16;
    %pushi/vec4 64, 0, 32;
    %load/vec4 v000001f3f42bf380_0;
    %add;
    %ix/vec4/s 4;
    %store/vec4a v000001f3f42bf7e0, 4, 0;
    %pushi/vec4 0, 0, 256;
    %load/vec4 v000001f3f42bf380_0;
    %muli 16, 0, 32;
    %part/s 16;
    %pushi/vec4 80, 0, 32;
    %load/vec4 v000001f3f42bf380_0;
    %add;
    %ix/vec4/s 4;
    %store/vec4a v000001f3f42bf7e0, 4, 0;
    %pushi/vec4 0, 0, 256;
    %load/vec4 v000001f3f42bf380_0;
    %muli 16, 0, 32;
    %part/s 16;
    %pushi/vec4 96, 0, 32;
    %load/vec4 v000001f3f42bf380_0;
    %add;
    %ix/vec4/s 4;
    %store/vec4a v000001f3f42bf7e0, 4, 0;
    %pushi/vec4 0, 0, 256;
    %load/vec4 v000001f3f42bf380_0;
    %muli 16, 0, 32;
    %part/s 16;
    %pushi/vec4 112, 0, 32;
    %load/vec4 v000001f3f42bf380_0;
    %add;
    %ix/vec4/s 4;
    %store/vec4a v000001f3f42bf7e0, 4, 0;
    %pushi/vec4 0, 0, 256;
    %load/vec4 v000001f3f42bf380_0;
    %muli 16, 0, 32;
    %part/s 16;
    %pushi/vec4 128, 0, 32;
    %load/vec4 v000001f3f42bf380_0;
    %add;
    %ix/vec4/s 4;
    %store/vec4a v000001f3f42bf7e0, 4, 0;
    %pushi/vec4 0, 0, 256;
    %load/vec4 v000001f3f42bf380_0;
    %muli 16, 0, 32;
    %part/s 16;
    %pushi/vec4 144, 0, 32;
    %load/vec4 v000001f3f42bf380_0;
    %add;
    %ix/vec4/s 4;
    %store/vec4a v000001f3f42bf7e0, 4, 0;
    %pushi/vec4 0, 0, 256;
    %load/vec4 v000001f3f42bf380_0;
    %muli 16, 0, 32;
    %part/s 16;
    %pushi/vec4 160, 0, 32;
    %load/vec4 v000001f3f42bf380_0;
    %add;
    %ix/vec4/s 4;
    %store/vec4a v000001f3f42bf7e0, 4, 0;
    %pushi/vec4 0, 0, 256;
    %load/vec4 v000001f3f42bf380_0;
    %muli 16, 0, 32;
    %part/s 16;
    %pushi/vec4 176, 0, 32;
    %load/vec4 v000001f3f42bf380_0;
    %add;
    %ix/vec4/s 4;
    %store/vec4a v000001f3f42bf7e0, 4, 0;
    %pushi/vec4 0, 0, 256;
    %load/vec4 v000001f3f42bf380_0;
    %muli 16, 0, 32;
    %part/s 16;
    %pushi/vec4 192, 0, 32;
    %load/vec4 v000001f3f42bf380_0;
    %add;
    %ix/vec4/s 4;
    %store/vec4a v000001f3f42bf7e0, 4, 0;
    %pushi/vec4 0, 0, 256;
    %load/vec4 v000001f3f42bf380_0;
    %muli 16, 0, 32;
    %part/s 16;
    %pushi/vec4 208, 0, 32;
    %load/vec4 v000001f3f42bf380_0;
    %add;
    %ix/vec4/s 4;
    %store/vec4a v000001f3f42bf7e0, 4, 0;
    %pushi/vec4 0, 0, 256;
    %load/vec4 v000001f3f42bf380_0;
    %muli 16, 0, 32;
    %part/s 16;
    %pushi/vec4 224, 0, 32;
    %load/vec4 v000001f3f42bf380_0;
    %add;
    %ix/vec4/s 4;
    %store/vec4a v000001f3f42bf7e0, 4, 0;
    %pushi/vec4 0, 0, 256;
    %load/vec4 v000001f3f42bf380_0;
    %muli 16, 0, 32;
    %part/s 16;
    %pushi/vec4 240, 0, 32;
    %load/vec4 v000001f3f42bf380_0;
    %add;
    %ix/vec4/s 4;
    %store/vec4a v000001f3f42bf7e0, 4, 0;
T_87.2 ; for-loop step statement
    %load/vec4 v000001f3f42bf380_0;
    %addi 1, 0, 32;
    %store/vec4 v000001f3f42bf380_0, 0, 32;
    %jmp T_87.0;
T_87.1 ; for-loop exit label
    %end;
    .thread T_87;
    .scope S_000001f3f42c76c0;
T_88 ;
    %wait E_000001f3f421bff0;
    %load/vec4 v000001f3f42bdf80_0;
    %flag_set/vec4 9;
    %flag_get/vec4 9;
    %jmp/0 T_88.2, 9;
    %load/vec4 v000001f3f42bdee0_0;
    %and;
T_88.2;
    %flag_set/vec4 8;
    %jmp/0xz  T_88.0, 8;
    %load/vec4 v000001f3f42bfd80_0;
    %parti/s 1, 0, 2;
    %nor/r;
    %flag_set/vec4 8;
    %jmp/0xz  T_88.3, 8;
    %load/vec4 v000001f3f42be3e0_0;
    %parti/s 1, 0, 2;
    %load/vec4 v000001f3f42beb60_0;
    %parti/s 8, 0, 2;
    %pad/u 10;
    %ix/vec4 3;
    %ix/load 4, 0, 0; Constant delay
    %assign/vec4/a/d v000001f3f42bf7e0, 0, 4;
T_88.3 ;
    %load/vec4 v000001f3f42bfd80_0;
    %parti/s 1, 1, 2;
    %nor/r;
    %flag_set/vec4 8;
    %jmp/0xz  T_88.5, 8;
    %load/vec4 v000001f3f42be3e0_0;
    %parti/s 1, 1, 2;
    %load/vec4 v000001f3f42beb60_0;
    %parti/s 8, 0, 2;
    %pad/u 10;
    %ix/vec4 3;
    %ix/load 4, 1, 0; part off
    %ix/load 5, 0, 0; Constant delay
    %assign/vec4/a/d v000001f3f42bf7e0, 4, 5;
T_88.5 ;
    %load/vec4 v000001f3f42bfd80_0;
    %parti/s 1, 2, 3;
    %nor/r;
    %flag_set/vec4 8;
    %jmp/0xz  T_88.7, 8;
    %load/vec4 v000001f3f42be3e0_0;
    %parti/s 1, 2, 3;
    %load/vec4 v000001f3f42beb60_0;
    %parti/s 8, 0, 2;
    %pad/u 10;
    %ix/vec4 3;
    %ix/load 4, 2, 0; part off
    %ix/load 5, 0, 0; Constant delay
    %assign/vec4/a/d v000001f3f42bf7e0, 4, 5;
T_88.7 ;
    %load/vec4 v000001f3f42bfd80_0;
    %parti/s 1, 3, 3;
    %nor/r;
    %flag_set/vec4 8;
    %jmp/0xz  T_88.9, 8;
    %load/vec4 v000001f3f42be3e0_0;
    %parti/s 1, 3, 3;
    %load/vec4 v000001f3f42beb60_0;
    %parti/s 8, 0, 2;
    %pad/u 10;
    %ix/vec4 3;
    %ix/load 4, 3, 0; part off
    %ix/load 5, 0, 0; Constant delay
    %assign/vec4/a/d v000001f3f42bf7e0, 4, 5;
T_88.9 ;
    %load/vec4 v000001f3f42bfd80_0;
    %parti/s 1, 4, 4;
    %nor/r;
    %flag_set/vec4 8;
    %jmp/0xz  T_88.11, 8;
    %load/vec4 v000001f3f42be3e0_0;
    %parti/s 1, 4, 4;
    %load/vec4 v000001f3f42beb60_0;
    %parti/s 8, 0, 2;
    %pad/u 10;
    %ix/vec4 3;
    %ix/load 4, 4, 0; part off
    %ix/load 5, 0, 0; Constant delay
    %assign/vec4/a/d v000001f3f42bf7e0, 4, 5;
T_88.11 ;
    %load/vec4 v000001f3f42bfd80_0;
    %parti/s 1, 5, 4;
    %nor/r;
    %flag_set/vec4 8;
    %jmp/0xz  T_88.13, 8;
    %load/vec4 v000001f3f42be3e0_0;
    %parti/s 1, 5, 4;
    %load/vec4 v000001f3f42beb60_0;
    %parti/s 8, 0, 2;
    %pad/u 10;
    %ix/vec4 3;
    %ix/load 4, 5, 0; part off
    %ix/load 5, 0, 0; Constant delay
    %assign/vec4/a/d v000001f3f42bf7e0, 4, 5;
T_88.13 ;
    %load/vec4 v000001f3f42bfd80_0;
    %parti/s 1, 6, 4;
    %nor/r;
    %flag_set/vec4 8;
    %jmp/0xz  T_88.15, 8;
    %load/vec4 v000001f3f42be3e0_0;
    %parti/s 1, 6, 4;
    %load/vec4 v000001f3f42beb60_0;
    %parti/s 8, 0, 2;
    %pad/u 10;
    %ix/vec4 3;
    %ix/load 4, 6, 0; part off
    %ix/load 5, 0, 0; Constant delay
    %assign/vec4/a/d v000001f3f42bf7e0, 4, 5;
T_88.15 ;
    %load/vec4 v000001f3f42bfd80_0;
    %parti/s 1, 7, 4;
    %nor/r;
    %flag_set/vec4 8;
    %jmp/0xz  T_88.17, 8;
    %load/vec4 v000001f3f42be3e0_0;
    %parti/s 1, 7, 4;
    %load/vec4 v000001f3f42beb60_0;
    %parti/s 8, 0, 2;
    %pad/u 10;
    %ix/vec4 3;
    %ix/load 4, 7, 0; part off
    %ix/load 5, 0, 0; Constant delay
    %assign/vec4/a/d v000001f3f42bf7e0, 4, 5;
T_88.17 ;
    %load/vec4 v000001f3f42bfd80_0;
    %parti/s 1, 8, 5;
    %nor/r;
    %flag_set/vec4 8;
    %jmp/0xz  T_88.19, 8;
    %load/vec4 v000001f3f42be3e0_0;
    %parti/s 1, 8, 5;
    %load/vec4 v000001f3f42beb60_0;
    %parti/s 8, 0, 2;
    %pad/u 10;
    %ix/vec4 3;
    %ix/load 4, 8, 0; part off
    %ix/load 5, 0, 0; Constant delay
    %assign/vec4/a/d v000001f3f42bf7e0, 4, 5;
T_88.19 ;
    %load/vec4 v000001f3f42bfd80_0;
    %parti/s 1, 9, 5;
    %nor/r;
    %flag_set/vec4 8;
    %jmp/0xz  T_88.21, 8;
    %load/vec4 v000001f3f42be3e0_0;
    %parti/s 1, 9, 5;
    %load/vec4 v000001f3f42beb60_0;
    %parti/s 8, 0, 2;
    %pad/u 10;
    %ix/vec4 3;
    %ix/load 4, 9, 0; part off
    %ix/load 5, 0, 0; Constant delay
    %assign/vec4/a/d v000001f3f42bf7e0, 4, 5;
T_88.21 ;
    %load/vec4 v000001f3f42bfd80_0;
    %parti/s 1, 10, 5;
    %nor/r;
    %flag_set/vec4 8;
    %jmp/0xz  T_88.23, 8;
    %load/vec4 v000001f3f42be3e0_0;
    %parti/s 1, 10, 5;
    %load/vec4 v000001f3f42beb60_0;
    %parti/s 8, 0, 2;
    %pad/u 10;
    %ix/vec4 3;
    %ix/load 4, 10, 0; part off
    %ix/load 5, 0, 0; Constant delay
    %assign/vec4/a/d v000001f3f42bf7e0, 4, 5;
T_88.23 ;
    %load/vec4 v000001f3f42bfd80_0;
    %parti/s 1, 11, 5;
    %nor/r;
    %flag_set/vec4 8;
    %jmp/0xz  T_88.25, 8;
    %load/vec4 v000001f3f42be3e0_0;
    %parti/s 1, 11, 5;
    %load/vec4 v000001f3f42beb60_0;
    %parti/s 8, 0, 2;
    %pad/u 10;
    %ix/vec4 3;
    %ix/load 4, 11, 0; part off
    %ix/load 5, 0, 0; Constant delay
    %assign/vec4/a/d v000001f3f42bf7e0, 4, 5;
T_88.25 ;
    %load/vec4 v000001f3f42bfd80_0;
    %parti/s 1, 12, 5;
    %nor/r;
    %flag_set/vec4 8;
    %jmp/0xz  T_88.27, 8;
    %load/vec4 v000001f3f42be3e0_0;
    %parti/s 1, 12, 5;
    %load/vec4 v000001f3f42beb60_0;
    %parti/s 8, 0, 2;
    %pad/u 10;
    %ix/vec4 3;
    %ix/load 4, 12, 0; part off
    %ix/load 5, 0, 0; Constant delay
    %assign/vec4/a/d v000001f3f42bf7e0, 4, 5;
T_88.27 ;
    %load/vec4 v000001f3f42bfd80_0;
    %parti/s 1, 13, 5;
    %nor/r;
    %flag_set/vec4 8;
    %jmp/0xz  T_88.29, 8;
    %load/vec4 v000001f3f42be3e0_0;
    %parti/s 1, 13, 5;
    %load/vec4 v000001f3f42beb60_0;
    %parti/s 8, 0, 2;
    %pad/u 10;
    %ix/vec4 3;
    %ix/load 4, 13, 0; part off
    %ix/load 5, 0, 0; Constant delay
    %assign/vec4/a/d v000001f3f42bf7e0, 4, 5;
T_88.29 ;
    %load/vec4 v000001f3f42bfd80_0;
    %parti/s 1, 14, 5;
    %nor/r;
    %flag_set/vec4 8;
    %jmp/0xz  T_88.31, 8;
    %load/vec4 v000001f3f42be3e0_0;
    %parti/s 1, 14, 5;
    %load/vec4 v000001f3f42beb60_0;
    %parti/s 8, 0, 2;
    %pad/u 10;
    %ix/vec4 3;
    %ix/load 4, 14, 0; part off
    %ix/load 5, 0, 0; Constant delay
    %assign/vec4/a/d v000001f3f42bf7e0, 4, 5;
T_88.31 ;
    %load/vec4 v000001f3f42bfd80_0;
    %parti/s 1, 15, 5;
    %nor/r;
    %flag_set/vec4 8;
    %jmp/0xz  T_88.33, 8;
    %load/vec4 v000001f3f42be3e0_0;
    %parti/s 1, 15, 5;
    %load/vec4 v000001f3f42beb60_0;
    %parti/s 8, 0, 2;
    %pad/u 10;
    %ix/vec4 3;
    %ix/load 4, 15, 0; part off
    %ix/load 5, 0, 0; Constant delay
    %assign/vec4/a/d v000001f3f42bf7e0, 4, 5;
T_88.33 ;
T_88.0 ;
    %jmp T_88;
    .thread T_88;
    .scope S_000001f3f42c76c0;
T_89 ;
    %wait E_000001f3f421c2b0;
    %load/vec4 v000001f3f42bf920_0;
    %flag_set/vec4 9;
    %flag_get/vec4 9;
    %jmp/0 T_89.2, 9;
    %load/vec4 v000001f3f42be160_0;
    %and;
T_89.2;
    %flag_set/vec4 8;
    %jmp/0xz  T_89.0, 8;
    %load/vec4 v000001f3f42be840_0;
    %parti/s 8, 0, 2;
    %pad/u 10;
    %ix/vec4 4;
    %load/vec4a v000001f3f42bf7e0, 4;
    %load/vec4 v000001f3f42bf060_0;
    %inv;
    %and;
    %assign/vec4 v000001f3f42bf600_0, 0;
T_89.0 ;
    %jmp T_89;
    .thread T_89;
    .scope S_000001f3f42c60e0;
T_90 ;
    %pushi/vec4 0, 0, 32;
    %store/vec4 v000001f3f42be7a0_0, 0, 32;
T_90.0 ; Top of for-loop
    %load/vec4 v000001f3f42be7a0_0;
    %cmpi/s 16, 0, 32;
	  %jmp/0xz T_90.1, 5;
    %pushi/vec4 0, 0, 256;
    %load/vec4 v000001f3f42be7a0_0;
    %muli 16, 0, 32;
    %part/s 16;
    %pushi/vec4 0, 0, 32;
    %load/vec4 v000001f3f42be7a0_0;
    %add;
    %ix/vec4/s 4;
    %store/vec4a v000001f3f42bee80, 4, 0;
    %pushi/vec4 0, 0, 256;
    %load/vec4 v000001f3f42be7a0_0;
    %muli 16, 0, 32;
    %part/s 16;
    %pushi/vec4 16, 0, 32;
    %load/vec4 v000001f3f42be7a0_0;
    %add;
    %ix/vec4/s 4;
    %store/vec4a v000001f3f42bee80, 4, 0;
    %pushi/vec4 0, 0, 256;
    %load/vec4 v000001f3f42be7a0_0;
    %muli 16, 0, 32;
    %part/s 16;
    %pushi/vec4 32, 0, 32;
    %load/vec4 v000001f3f42be7a0_0;
    %add;
    %ix/vec4/s 4;
    %store/vec4a v000001f3f42bee80, 4, 0;
    %pushi/vec4 0, 0, 256;
    %load/vec4 v000001f3f42be7a0_0;
    %muli 16, 0, 32;
    %part/s 16;
    %pushi/vec4 48, 0, 32;
    %load/vec4 v000001f3f42be7a0_0;
    %add;
    %ix/vec4/s 4;
    %store/vec4a v000001f3f42bee80, 4, 0;
    %pushi/vec4 0, 0, 256;
    %load/vec4 v000001f3f42be7a0_0;
    %muli 16, 0, 32;
    %part/s 16;
    %pushi/vec4 64, 0, 32;
    %load/vec4 v000001f3f42be7a0_0;
    %add;
    %ix/vec4/s 4;
    %store/vec4a v000001f3f42bee80, 4, 0;
    %pushi/vec4 0, 0, 256;
    %load/vec4 v000001f3f42be7a0_0;
    %muli 16, 0, 32;
    %part/s 16;
    %pushi/vec4 80, 0, 32;
    %load/vec4 v000001f3f42be7a0_0;
    %add;
    %ix/vec4/s 4;
    %store/vec4a v000001f3f42bee80, 4, 0;
    %pushi/vec4 0, 0, 256;
    %load/vec4 v000001f3f42be7a0_0;
    %muli 16, 0, 32;
    %part/s 16;
    %pushi/vec4 96, 0, 32;
    %load/vec4 v000001f3f42be7a0_0;
    %add;
    %ix/vec4/s 4;
    %store/vec4a v000001f3f42bee80, 4, 0;
    %pushi/vec4 0, 0, 256;
    %load/vec4 v000001f3f42be7a0_0;
    %muli 16, 0, 32;
    %part/s 16;
    %pushi/vec4 112, 0, 32;
    %load/vec4 v000001f3f42be7a0_0;
    %add;
    %ix/vec4/s 4;
    %store/vec4a v000001f3f42bee80, 4, 0;
    %pushi/vec4 0, 0, 256;
    %load/vec4 v000001f3f42be7a0_0;
    %muli 16, 0, 32;
    %part/s 16;
    %pushi/vec4 128, 0, 32;
    %load/vec4 v000001f3f42be7a0_0;
    %add;
    %ix/vec4/s 4;
    %store/vec4a v000001f3f42bee80, 4, 0;
    %pushi/vec4 0, 0, 256;
    %load/vec4 v000001f3f42be7a0_0;
    %muli 16, 0, 32;
    %part/s 16;
    %pushi/vec4 144, 0, 32;
    %load/vec4 v000001f3f42be7a0_0;
    %add;
    %ix/vec4/s 4;
    %store/vec4a v000001f3f42bee80, 4, 0;
    %pushi/vec4 0, 0, 256;
    %load/vec4 v000001f3f42be7a0_0;
    %muli 16, 0, 32;
    %part/s 16;
    %pushi/vec4 160, 0, 32;
    %load/vec4 v000001f3f42be7a0_0;
    %add;
    %ix/vec4/s 4;
    %store/vec4a v000001f3f42bee80, 4, 0;
    %pushi/vec4 0, 0, 256;
    %load/vec4 v000001f3f42be7a0_0;
    %muli 16, 0, 32;
    %part/s 16;
    %pushi/vec4 176, 0, 32;
    %load/vec4 v000001f3f42be7a0_0;
    %add;
    %ix/vec4/s 4;
    %store/vec4a v000001f3f42bee80, 4, 0;
    %pushi/vec4 0, 0, 256;
    %load/vec4 v000001f3f42be7a0_0;
    %muli 16, 0, 32;
    %part/s 16;
    %pushi/vec4 192, 0, 32;
    %load/vec4 v000001f3f42be7a0_0;
    %add;
    %ix/vec4/s 4;
    %store/vec4a v000001f3f42bee80, 4, 0;
    %pushi/vec4 0, 0, 256;
    %load/vec4 v000001f3f42be7a0_0;
    %muli 16, 0, 32;
    %part/s 16;
    %pushi/vec4 208, 0, 32;
    %load/vec4 v000001f3f42be7a0_0;
    %add;
    %ix/vec4/s 4;
    %store/vec4a v000001f3f42bee80, 4, 0;
    %pushi/vec4 0, 0, 256;
    %load/vec4 v000001f3f42be7a0_0;
    %muli 16, 0, 32;
    %part/s 16;
    %pushi/vec4 224, 0, 32;
    %load/vec4 v000001f3f42be7a0_0;
    %add;
    %ix/vec4/s 4;
    %store/vec4a v000001f3f42bee80, 4, 0;
    %pushi/vec4 0, 0, 256;
    %load/vec4 v000001f3f42be7a0_0;
    %muli 16, 0, 32;
    %part/s 16;
    %pushi/vec4 240, 0, 32;
    %load/vec4 v000001f3f42be7a0_0;
    %add;
    %ix/vec4/s 4;
    %store/vec4a v000001f3f42bee80, 4, 0;
T_90.2 ; for-loop step statement
    %load/vec4 v000001f3f42be7a0_0;
    %addi 1, 0, 32;
    %store/vec4 v000001f3f42be7a0_0, 0, 32;
    %jmp T_90.0;
T_90.1 ; for-loop exit label
    %end;
    .thread T_90;
    .scope S_000001f3f42c60e0;
T_91 ;
    %wait E_000001f3f421c030;
    %load/vec4 v000001f3f42bd8a0_0;
    %flag_set/vec4 9;
    %flag_get/vec4 9;
    %jmp/0 T_91.2, 9;
    %load/vec4 v000001f3f42bfec0_0;
    %and;
T_91.2;
    %flag_set/vec4 8;
    %jmp/0xz  T_91.0, 8;
    %load/vec4 v000001f3f42bd940_0;
    %parti/s 1, 0, 2;
    %nor/r;
    %flag_set/vec4 8;
    %jmp/0xz  T_91.3, 8;
    %load/vec4 v000001f3f42bff60_0;
    %parti/s 1, 0, 2;
    %load/vec4 v000001f3f42bfce0_0;
    %parti/s 8, 0, 2;
    %pad/u 10;
    %ix/vec4 3;
    %ix/load 4, 0, 0; Constant delay
    %assign/vec4/a/d v000001f3f42bee80, 0, 4;
T_91.3 ;
    %load/vec4 v000001f3f42bd940_0;
    %parti/s 1, 1, 2;
    %nor/r;
    %flag_set/vec4 8;
    %jmp/0xz  T_91.5, 8;
    %load/vec4 v000001f3f42bff60_0;
    %parti/s 1, 1, 2;
    %load/vec4 v000001f3f42bfce0_0;
    %parti/s 8, 0, 2;
    %pad/u 10;
    %ix/vec4 3;
    %ix/load 4, 1, 0; part off
    %ix/load 5, 0, 0; Constant delay
    %assign/vec4/a/d v000001f3f42bee80, 4, 5;
T_91.5 ;
    %load/vec4 v000001f3f42bd940_0;
    %parti/s 1, 2, 3;
    %nor/r;
    %flag_set/vec4 8;
    %jmp/0xz  T_91.7, 8;
    %load/vec4 v000001f3f42bff60_0;
    %parti/s 1, 2, 3;
    %load/vec4 v000001f3f42bfce0_0;
    %parti/s 8, 0, 2;
    %pad/u 10;
    %ix/vec4 3;
    %ix/load 4, 2, 0; part off
    %ix/load 5, 0, 0; Constant delay
    %assign/vec4/a/d v000001f3f42bee80, 4, 5;
T_91.7 ;
    %load/vec4 v000001f3f42bd940_0;
    %parti/s 1, 3, 3;
    %nor/r;
    %flag_set/vec4 8;
    %jmp/0xz  T_91.9, 8;
    %load/vec4 v000001f3f42bff60_0;
    %parti/s 1, 3, 3;
    %load/vec4 v000001f3f42bfce0_0;
    %parti/s 8, 0, 2;
    %pad/u 10;
    %ix/vec4 3;
    %ix/load 4, 3, 0; part off
    %ix/load 5, 0, 0; Constant delay
    %assign/vec4/a/d v000001f3f42bee80, 4, 5;
T_91.9 ;
    %load/vec4 v000001f3f42bd940_0;
    %parti/s 1, 4, 4;
    %nor/r;
    %flag_set/vec4 8;
    %jmp/0xz  T_91.11, 8;
    %load/vec4 v000001f3f42bff60_0;
    %parti/s 1, 4, 4;
    %load/vec4 v000001f3f42bfce0_0;
    %parti/s 8, 0, 2;
    %pad/u 10;
    %ix/vec4 3;
    %ix/load 4, 4, 0; part off
    %ix/load 5, 0, 0; Constant delay
    %assign/vec4/a/d v000001f3f42bee80, 4, 5;
T_91.11 ;
    %load/vec4 v000001f3f42bd940_0;
    %parti/s 1, 5, 4;
    %nor/r;
    %flag_set/vec4 8;
    %jmp/0xz  T_91.13, 8;
    %load/vec4 v000001f3f42bff60_0;
    %parti/s 1, 5, 4;
    %load/vec4 v000001f3f42bfce0_0;
    %parti/s 8, 0, 2;
    %pad/u 10;
    %ix/vec4 3;
    %ix/load 4, 5, 0; part off
    %ix/load 5, 0, 0; Constant delay
    %assign/vec4/a/d v000001f3f42bee80, 4, 5;
T_91.13 ;
    %load/vec4 v000001f3f42bd940_0;
    %parti/s 1, 6, 4;
    %nor/r;
    %flag_set/vec4 8;
    %jmp/0xz  T_91.15, 8;
    %load/vec4 v000001f3f42bff60_0;
    %parti/s 1, 6, 4;
    %load/vec4 v000001f3f42bfce0_0;
    %parti/s 8, 0, 2;
    %pad/u 10;
    %ix/vec4 3;
    %ix/load 4, 6, 0; part off
    %ix/load 5, 0, 0; Constant delay
    %assign/vec4/a/d v000001f3f42bee80, 4, 5;
T_91.15 ;
    %load/vec4 v000001f3f42bd940_0;
    %parti/s 1, 7, 4;
    %nor/r;
    %flag_set/vec4 8;
    %jmp/0xz  T_91.17, 8;
    %load/vec4 v000001f3f42bff60_0;
    %parti/s 1, 7, 4;
    %load/vec4 v000001f3f42bfce0_0;
    %parti/s 8, 0, 2;
    %pad/u 10;
    %ix/vec4 3;
    %ix/load 4, 7, 0; part off
    %ix/load 5, 0, 0; Constant delay
    %assign/vec4/a/d v000001f3f42bee80, 4, 5;
T_91.17 ;
    %load/vec4 v000001f3f42bd940_0;
    %parti/s 1, 8, 5;
    %nor/r;
    %flag_set/vec4 8;
    %jmp/0xz  T_91.19, 8;
    %load/vec4 v000001f3f42bff60_0;
    %parti/s 1, 8, 5;
    %load/vec4 v000001f3f42bfce0_0;
    %parti/s 8, 0, 2;
    %pad/u 10;
    %ix/vec4 3;
    %ix/load 4, 8, 0; part off
    %ix/load 5, 0, 0; Constant delay
    %assign/vec4/a/d v000001f3f42bee80, 4, 5;
T_91.19 ;
    %load/vec4 v000001f3f42bd940_0;
    %parti/s 1, 9, 5;
    %nor/r;
    %flag_set/vec4 8;
    %jmp/0xz  T_91.21, 8;
    %load/vec4 v000001f3f42bff60_0;
    %parti/s 1, 9, 5;
    %load/vec4 v000001f3f42bfce0_0;
    %parti/s 8, 0, 2;
    %pad/u 10;
    %ix/vec4 3;
    %ix/load 4, 9, 0; part off
    %ix/load 5, 0, 0; Constant delay
    %assign/vec4/a/d v000001f3f42bee80, 4, 5;
T_91.21 ;
    %load/vec4 v000001f3f42bd940_0;
    %parti/s 1, 10, 5;
    %nor/r;
    %flag_set/vec4 8;
    %jmp/0xz  T_91.23, 8;
    %load/vec4 v000001f3f42bff60_0;
    %parti/s 1, 10, 5;
    %load/vec4 v000001f3f42bfce0_0;
    %parti/s 8, 0, 2;
    %pad/u 10;
    %ix/vec4 3;
    %ix/load 4, 10, 0; part off
    %ix/load 5, 0, 0; Constant delay
    %assign/vec4/a/d v000001f3f42bee80, 4, 5;
T_91.23 ;
    %load/vec4 v000001f3f42bd940_0;
    %parti/s 1, 11, 5;
    %nor/r;
    %flag_set/vec4 8;
    %jmp/0xz  T_91.25, 8;
    %load/vec4 v000001f3f42bff60_0;
    %parti/s 1, 11, 5;
    %load/vec4 v000001f3f42bfce0_0;
    %parti/s 8, 0, 2;
    %pad/u 10;
    %ix/vec4 3;
    %ix/load 4, 11, 0; part off
    %ix/load 5, 0, 0; Constant delay
    %assign/vec4/a/d v000001f3f42bee80, 4, 5;
T_91.25 ;
    %load/vec4 v000001f3f42bd940_0;
    %parti/s 1, 12, 5;
    %nor/r;
    %flag_set/vec4 8;
    %jmp/0xz  T_91.27, 8;
    %load/vec4 v000001f3f42bff60_0;
    %parti/s 1, 12, 5;
    %load/vec4 v000001f3f42bfce0_0;
    %parti/s 8, 0, 2;
    %pad/u 10;
    %ix/vec4 3;
    %ix/load 4, 12, 0; part off
    %ix/load 5, 0, 0; Constant delay
    %assign/vec4/a/d v000001f3f42bee80, 4, 5;
T_91.27 ;
    %load/vec4 v000001f3f42bd940_0;
    %parti/s 1, 13, 5;
    %nor/r;
    %flag_set/vec4 8;
    %jmp/0xz  T_91.29, 8;
    %load/vec4 v000001f3f42bff60_0;
    %parti/s 1, 13, 5;
    %load/vec4 v000001f3f42bfce0_0;
    %parti/s 8, 0, 2;
    %pad/u 10;
    %ix/vec4 3;
    %ix/load 4, 13, 0; part off
    %ix/load 5, 0, 0; Constant delay
    %assign/vec4/a/d v000001f3f42bee80, 4, 5;
T_91.29 ;
    %load/vec4 v000001f3f42bd940_0;
    %parti/s 1, 14, 5;
    %nor/r;
    %flag_set/vec4 8;
    %jmp/0xz  T_91.31, 8;
    %load/vec4 v000001f3f42bff60_0;
    %parti/s 1, 14, 5;
    %load/vec4 v000001f3f42bfce0_0;
    %parti/s 8, 0, 2;
    %pad/u 10;
    %ix/vec4 3;
    %ix/load 4, 14, 0; part off
    %ix/load 5, 0, 0; Constant delay
    %assign/vec4/a/d v000001f3f42bee80, 4, 5;
T_91.31 ;
    %load/vec4 v000001f3f42bd940_0;
    %parti/s 1, 15, 5;
    %nor/r;
    %flag_set/vec4 8;
    %jmp/0xz  T_91.33, 8;
    %load/vec4 v000001f3f42bff60_0;
    %parti/s 1, 15, 5;
    %load/vec4 v000001f3f42bfce0_0;
    %parti/s 8, 0, 2;
    %pad/u 10;
    %ix/vec4 3;
    %ix/load 4, 15, 0; part off
    %ix/load 5, 0, 0; Constant delay
    %assign/vec4/a/d v000001f3f42bee80, 4, 5;
T_91.33 ;
T_91.0 ;
    %jmp T_91;
    .thread T_91;
    .scope S_000001f3f42c60e0;
T_92 ;
    %wait E_000001f3f421c2f0;
    %load/vec4 v000001f3f42bfe20_0;
    %flag_set/vec4 9;
    %flag_get/vec4 9;
    %jmp/0 T_92.2, 9;
    %load/vec4 v000001f3f42bfa60_0;
    %and;
T_92.2;
    %flag_set/vec4 8;
    %jmp/0xz  T_92.0, 8;
    %load/vec4 v000001f3f42be5c0_0;
    %parti/s 8, 0, 2;
    %pad/u 10;
    %ix/vec4 4;
    %load/vec4a v000001f3f42bee80, 4;
    %load/vec4 v000001f3f42bfc40_0;
    %inv;
    %and;
    %assign/vec4 v000001f3f42bf740_0, 0;
T_92.0 ;
    %jmp T_92;
    .thread T_92;
    .scope S_000001f3f4250a30;
T_93 ;
    %wait E_000001f3f421c470;
    %pushi/vec4 0, 0, 32;
    %store/vec4 v000001f3f42ce730_0, 0, 32;
T_93.0 ; Top of for-loop
    %load/vec4 v000001f3f42ce730_0;
    %cmpi/s 16383, 0, 32;
    %flag_or 5, 4;
	  %jmp/0xz T_93.1, 5;
    %pushi/vec4 65535, 65535, 16;
    %ix/getv/s 4, v000001f3f42ce730_0;
    %store/vec4a v000001f3f42cf630, 4, 0;
T_93.2 ; for-loop step statement
    %load/vec4 v000001f3f42ce730_0;
    %addi 1, 0, 32;
    %store/vec4 v000001f3f42ce730_0, 0, 32;
    %jmp T_93.0;
T_93.1 ; for-loop exit label
    %jmp T_93;
    .thread T_93;
    .scope S_000001f3f4250a30;
T_94 ;
    %wait E_000001f3f421c330;
    %load/vec4 v000001f3f42ce690_0;
    %flag_set/vec4 8;
    %jmp/0xz  T_94.0, 8;
    %pushi/vec4 0, 0, 16;
    %assign/vec4 v000001f3f42cf1d0_0, 0;
    %jmp T_94.1;
T_94.0 ;
    %load/vec4 v000001f3f42cdf10_0;
    %flag_set/vec4 8;
    %jmp/0xz  T_94.2, 8;
    %pushi/vec4 65535, 65535, 16;
    %assign/vec4 v000001f3f42cf1d0_0, 0;
    %jmp T_94.3;
T_94.2 ;
    %load/vec4 v000001f3f42c03c0_0;
    %flag_set/vec4 8;
    %jmp/0xz  T_94.4, 8;
    %load/vec4 v000001f3f42cdd30_0;
    %nor/r;
    %flag_set/vec4 8;
    %jmp/0xz  T_94.6, 8;
    %load/vec4 v000001f3f42c0280_0;
    %pad/u 16;
    %ix/vec4 4;
    %load/vec4a v000001f3f42cf630, 4;
    %assign/vec4 v000001f3f42cf1d0_0, 0;
    %jmp T_94.7;
T_94.6 ;
    %load/vec4 v000001f3f42cf270_0;
    %parti/s 1, 0, 2;
    %flag_set/vec4 8;
    %jmp/0xz  T_94.8, 8;
    %load/vec4 v000001f3f42cf590_0;
    %parti/s 4, 0, 2;
    %load/vec4 v000001f3f42c0280_0;
    %pad/u 16;
    %ix/vec4 3;
    %ix/load 4, 0, 0; Constant delay
    %assign/vec4/a/d v000001f3f42cf630, 0, 4;
T_94.8 ;
    %load/vec4 v000001f3f42cf270_0;
    %parti/s 1, 1, 2;
    %flag_set/vec4 8;
    %jmp/0xz  T_94.10, 8;
    %load/vec4 v000001f3f42cf590_0;
    %parti/s 4, 4, 4;
    %load/vec4 v000001f3f42c0280_0;
    %pad/u 16;
    %ix/vec4 3;
    %ix/load 4, 4, 0; part off
    %ix/load 5, 0, 0; Constant delay
    %assign/vec4/a/d v000001f3f42cf630, 4, 5;
T_94.10 ;
    %load/vec4 v000001f3f42cf270_0;
    %parti/s 1, 2, 3;
    %flag_set/vec4 8;
    %jmp/0xz  T_94.12, 8;
    %load/vec4 v000001f3f42cf590_0;
    %parti/s 4, 8, 5;
    %load/vec4 v000001f3f42c0280_0;
    %pad/u 16;
    %ix/vec4 3;
    %ix/load 4, 8, 0; part off
    %ix/load 5, 0, 0; Constant delay
    %assign/vec4/a/d v000001f3f42cf630, 4, 5;
T_94.12 ;
    %load/vec4 v000001f3f42cf270_0;
    %parti/s 1, 3, 3;
    %flag_set/vec4 8;
    %jmp/0xz  T_94.14, 8;
    %load/vec4 v000001f3f42cf590_0;
    %parti/s 4, 12, 5;
    %load/vec4 v000001f3f42c0280_0;
    %pad/u 16;
    %ix/vec4 3;
    %ix/load 4, 12, 0; part off
    %ix/load 5, 0, 0; Constant delay
    %assign/vec4/a/d v000001f3f42cf630, 4, 5;
T_94.14 ;
    %pushi/vec4 65535, 65535, 16;
    %assign/vec4 v000001f3f42cf1d0_0, 0;
T_94.7 ;
T_94.4 ;
T_94.3 ;
T_94.1 ;
    %jmp T_94;
    .thread T_94;
    .scope S_000001f3f4250bc0;
T_95 ;
    %vpi_call/w 4 15 "$display", "Time\011input_bits\011output_bits\011itermediate_bits\011im" {0 0 0};
    %vpi_call/w 4 16 "$monitor", "%0t\011%b\011%b\011\011%b\011%b\011%b", $time, v000001f3f42cbd50_0, v000001f3f42cbf30_0, v000001f3f42cba30_0, v000001f3f42cc2f0_0, v000001f3f42cc250_0 {0 0 0};
    %pushi/vec4 0, 0, 10;
    %store/vec4 v000001f3f42cbd50_0, 0, 10;
    %delay 10000, 0;
    %pushi/vec4 1, 0, 10;
    %store/vec4 v000001f3f42cbd50_0, 0, 10;
    %delay 10000, 0;
    %pushi/vec4 2, 0, 10;
    %store/vec4 v000001f3f42cbd50_0, 0, 10;
    %delay 10000, 0;
    %pushi/vec4 4, 0, 10;
    %store/vec4 v000001f3f42cbd50_0, 0, 10;
    %delay 10000, 0;
    %pushi/vec4 8, 0, 10;
    %store/vec4 v000001f3f42cbd50_0, 0, 10;
    %delay 10000, 0;
    %pushi/vec4 16, 0, 10;
    %store/vec4 v000001f3f42cbd50_0, 0, 10;
    %delay 10000, 0;
    %pushi/vec4 32, 0, 10;
    %store/vec4 v000001f3f42cbd50_0, 0, 10;
    %delay 10000, 0;
    %pushi/vec4 64, 0, 10;
    %store/vec4 v000001f3f42cbd50_0, 0, 10;
    %delay 10000, 0;
    %pushi/vec4 128, 0, 10;
    %store/vec4 v000001f3f42cbd50_0, 0, 10;
    %delay 10000, 0;
    %pushi/vec4 256, 0, 10;
    %store/vec4 v000001f3f42cbd50_0, 0, 10;
    %delay 10000, 0;
    %pushi/vec4 512, 0, 10;
    %store/vec4 v000001f3f42cbd50_0, 0, 10;
    %delay 10000, 0;
    %vpi_call/w 4 39 "$finish" {0 0 0};
    %end;
    .thread T_95;
# The file index is used to find the file name in the following table.
:file_names 6;
    "N/A";
    "<interactive>";
    "-";
    "C:\ApioData\packages\oss-cad-suite\share\yosys\ice40\cells_sim.v";
    "design_tb.v";
    "design_m.v";
